,final_address,st_name_ch,op_date,adjR2,floor_factor,floor_p,sample_size,floor_adj_avg
0,"METRO CITY(Phase 2),Block 4,YAN KING RD|新都城2期,4座,欣景路",欣景路,1999/12,0.15798054815518148,0.0028524956837696815,0.0,2091,0.0027608316670733723
1,"SAVANNAH(Block 3C),CHI SHIN ST|SAVANNAH3C座,至善街",至善街,2017/06,0.4869149265683108,0.007103837246100324,0.0,1224,0.0027608316670733723
2,"METRO CITY(Phase 1),Block 5,WAN HANG RD|新都城1期,5座,運亨路",運亨路,1996/12,0.06933508100138397,0.002331922465888724,0.0,4807,0.0027608316670733723
3,"EAST POINT CITY(Block 8),CHUNG WA RD|東港城8座,重華路",重華路,1997/06,0.10037753189351661,0.00264424465277661,0.0,4717,0.0027608316670733723
4,"BAUHINIA GARDEN(Block 3),TONG CHUN ST|寶盈花園3座,唐俊街",唐俊街,2001/01,-0.31020548372205603,0.0022320681510138076,4.242872890070082e-05,417,0.0027608316670733723
5,"METRO TOWN(Phase 1),Block 5,KING LING RD|都會駅1期,5座,景嶺路",景嶺路,2006/06,-0.0063094196009236825,0.0021000506707931407,0.0,5177,0.0027608316670733723
6,"OCEAN SHORES(Phase 3),Block 12,O KING RD|維景灣畔3期,12座,澳景路",澳景路,2003/05,0.1560427394366496,0.0020829510039485524,0.0,3724,0.0027608316670733723
7,"PARK CENTRAL(Phase 2),Block 11,TONG TAK ST|將軍澳中心2期,11座,唐德街",唐德街,2003/01,0.006292216067275369,0.0016097647788427183,0.0,6163,0.0027608316670733723
8,"NAN FUNG PLAZA(Block 2),PUI SHING RD|南豐廣場2座,培成路",培成路,1999/06,0.08865434853585463,0.0024676232719440827,0.0,3048,0.0027608316670733723
9,"BEVERLY GARDEN(Phase 2),Block 8,TONG MING ST|富康花園2期,8座,唐明街",唐明街,1998/07,-0.010941436921151793,-0.0018359363054657007,0.028572917766726658,304,0.0027608316670733723
10,"THE BEAUMOUNT(Block 1),SHEK KOK RD|峻瀅1座,石角路",石角路,2013/09,0.05898861429971336,0.001505611942716929,0.0,5450,0.0027608316670733723
11,"SERENITY PLACE(Block 4),PO HONG RD|怡心園4座,寶康路",寶康路,1999/01,0.14039301254550962,0.0032538297430674402,0.0,4593,0.0027608316670733723
12,"HONG SING GARDEN(Block 1),PO LAM RD N|康盛花園1座,寶琳北路",寶琳北路,1989/01,-0.8140255948615867,0.001305208101121028,0.31676108150791804,146,0.0027608316670733723
13,"SEA TO SKY(Block 3,Phase 8,LOHAS PARK),1 LOHAS PARK RD|日出康城,8期,3座(SEA TO SKY),1 康城路",康城路,2022/02,0.6019582520257161,0.001885144398270975,0.0,2540,0.0027608316670733723
14,"LE PRESTIGE(Block 3,Phase 2A,LOHAS PARK),1 LOHAS PARK RD|日出康城,2A期,3座(領都),1 康城路",康城路,2010/01,-0.4050227573921843,0.00025549515816631105,0.0003697568216503022,6240,0.0027608316670733723
15,"METRO TOWN(Phase 1),Block 3,KING LING RD|都會駅1期,3座,景嶺路",景嶺路,2006/06,-0.10052534712372618,0.0012826495548334666,0.0,5475,0.0027608316670733723
16,"PARK CENTRAL(Phase 1),Block 9,TONG TAK ST|將軍澳中心1期,9座,唐德街",唐德街,2002/08,-0.026785275640356154,0.0014910204108928547,0.0,5940,0.0027608316670733723
17,"THE PINNACLE(Block 3),WAN HANG RD|疊翠軒3座,運亨路",運亨路,1998/09,-0.2952389163659668,0.0009887172884290702,4.862406912664596e-07,3893,0.0027608316670733723
18,"LE POINT(Block 6,Phase 2,METRO TOWN),8 KING LING RD|都會駅,2期,6座(城中駅),8 景嶺路",景嶺路,2007/10,0.09141385371631805,0.0017101040101033134,0.0,5825,0.0027608316670733723
19,"TONG FU HSE(Block C,TONG MING COURT),TONG MING ST|唐明苑,C座(唐富閣),唐明街",唐明街,1999/02,0.049122358829692736,0.007721890214135281,0.18105561491503464,16,0.0027608316670733723
20,"THE PAPILLONS(Block 5),TONG CHUN ST|海翩匯5座,唐俊街",唐俊街,2018/05,0.2314584085139828,0.005056788634881842,0.0,1328,0.0027608316670733723
21,"OCEAN SHORES(Phase 1),Block 5,O KING RD|維景灣畔1期,5座,澳景路",澳景路,2000/12,0.26660837151716543,0.0021878562579209586,0.0,4797,0.0027608316670733723
22,"OSCAR BY THE SEA(Phase 2),Block 6,PUNG LOI RD|清水灣半島2期,6座,蓬萊路",蓬萊路,2001/12,0.19835694789508695,0.002185622034886689,0.0,5427,0.0027608316670733723
23,"SEA TO SKY(Block 2,Phase 8,LOHAS PARK),1 LOHAS PARK RD|日出康城,8期,2座(SEA TO SKY),1 康城路",康城路,2022/02,0.6261936435713076,0.002646716208838755,0.0,3215,0.0027608316670733723
24,"OCEAN SHORES(Phase 1),Block 2,O KING RD|維景灣畔1期,2座,澳景路",澳景路,2001/01,0.015645297723198337,0.0016568533929002711,0.0,5032,0.0027608316670733723
25,"SERENITY PLACE(Block 2),PO HONG RD|怡心園2座,寶康路",寶康路,1999/01,-0.012869777416125938,0.0027804122736609896,0.0,3537,0.0027608316670733723
26,"FINERY PARK(Block 2),YUK NGA LANE|富麗花園2座,毓雅里",毓雅里,1994/09,-0.4689698853300499,0.0012322016097960596,0.0,4394,0.0027608316670733723
27,"HIN MING COURT,CHIU SHUN RD|顯明苑,昭信路",昭信路,1996/05,-0.4841259715685333,-0.004582037526148207,0.015122809041806295,610,0.0027608316670733723
28,"THE BEAUMOUNT(Block 2),SHEK KOK RD|峻瀅2座,石角路",石角路,2013/09,0.08302624230464817,0.0011288001143427398,0.0,5313,0.0027608316670733723
29,"BEVERLY GARDEN(Phase 2),Block 7,TONG MING ST|富康花園2期,7座,唐明街",唐明街,1998/07,-0.000657333501079771,0.0032541317214001757,2.0975166492576136e-08,341,0.0027608316670733723
30,"LA CITE NOBLE(Block 2),NGAN O RD|新寶城2座,銀澳路",銀澳路,1999/05,-0.3174824774386982,0.001492554796928384,0.0,5421,0.0027608316670733723
31,"GRAND MARINI(Block 2A,Phase IXB,LOHAS PARK),1 LOHAS PARK RD|日出康城,IXB期,2A座(GRAND MARINI),1 康城路",康城路,2022/01,0.4655419746418422,0.0019273384038911644,0.0,2043,0.0027608316670733723
32,"OCEAN WINGS(Block 7A),TONG CHUN ST|海天晉7A座,唐俊街",唐俊街,2017/10,0.17133078935143398,0.00510474867775675,0.0,761,0.0027608316670733723
33,"OCEAN MARINI(Block 1A,Phase IXC,LOHAS PARK),1 LOHAS PARK RD|日出康城,IXC期,1A座(OCEAN MARINI),1 康城路",康城路,2022/04,0.49018254256404803,0.0020652674773233856,0.0,2176,0.0027608316670733723
34,"THE GRANDIOSE(Block 2),TONG CHUN ST|君傲灣2座,唐俊街",唐俊街,2006/01,0.24268734419380344,0.0028899365650830343,0.0,3582,0.0027608316670733723
35,"KWONG NING HSE(Block F,KWONG MING COURT),PO HONG RD|廣明苑,F座(廣寧閣),寶康路",寶康路,1998/03,0.000158276511730171,0.0038232783463779205,0.2897332357026534,71,0.0027608316670733723
36,"LA CITE NOBLE(Block 4),NGAN O RD|新寶城4座,銀澳路",銀澳路,1999/05,-0.11101840161948617,0.0015828256954618736,0.0,5084,0.0027608316670733723
37,"THE WINGS IIIA(Block 3A),TONG YIN ST|天晉 IIIA3A座,唐賢街",唐賢街,2016/06,0.016730698879419803,0.002407494962703453,1.0593748100973244e-12,991,0.0027608316670733723
38,"OCEAN SHORES(Phase 1),Block 1,O KING RD|維景灣畔1期,1座,澳景路",澳景路,2001/01,0.05965709206836678,0.001960064360737116,0.0,4696,0.0027608316670733723
39,"RADIANT TOWERS(Block 2),YUK NGA LANE|旭輝臺2座,毓雅里",毓雅里,1998/12,-0.1816468858870144,0.0016932084931929976,0.0,1708,0.0027608316670733723
40,"METRO CITY(Phase 2),Block 2,YAN KING RD|新都城2期,2座,欣景路",欣景路,1999/12,-0.006263489757701413,0.003308802413145577,0.0,5444,0.0027608316670733723
41,"LA CITE NOBLE(Block 1),NGAN O RD|新寶城1座,銀澳路",銀澳路,1999/05,-0.033446780358449724,0.0014970544810451382,0.0,6021,0.0027608316670733723
42,"THE WINGS IIIB(Block 1A),CHI SHIN ST|天晉 IIIB1A座,至善街",至善街,2016/08,0.05078984015327437,0.002939137021345749,1.6653345369377348e-14,1089,0.0027608316670733723
43,"THE PARKSIDE(Block 3),TONG CHUN ST|THE PARKSIDE3座,唐俊街",唐俊街,2015/12,0.22752828800784153,0.0033420119827668833,0.0,2028,0.0027608316670733723
44,"THE BEAUMOUNT(Block 5),SHEK KOK RD|峻瀅5座,石角路",石角路,2013/09,0.10377077959912606,0.0013600416142434122,0.0,5734,0.0027608316670733723
45,"THE CAPITOL VENICE (R WING)(Block 5,Phase 1,LOHAS PARK),1 LOHAS PARK RD|日出康城,1期,5座(首都),1 康城路",康城路,2008/12,-0.04061418805744377,0.001473735843981023,0.0,1648,0.0027608316670733723
46,"THE PAPILLONS(Block 7),TONG CHUN ST|海翩匯7座,唐俊街",唐俊街,2018/05,0.34588619323757674,0.006144805503211882,0.0,1274,0.0027608316670733723
47,"METRO CITY(Phase 1),Block 3,WAN HANG RD|新都城1期,3座,運亨路",運亨路,1996/12,-0.09573459004414553,0.0017354686136939752,0.0,5879,0.0027608316670733723
48,"EAST POINT CITY(Block 3),CHUNG WA RD|東港城3座,重華路",重華路,1997/06,0.10249182608746399,0.0026806144280511666,0.0,5199,0.0027608316670733723
49,"THE WINGS IIIB(Block 1B),CHI SHIN ST|天晉 IIIB1B座,至善街",至善街,2016/08,0.12775188247716318,0.0032074718318473227,0.0,1441,0.0027608316670733723
50,"EAST POINT CITY(Block 6),CHUNG WA RD|東港城6座,重華路",重華路,1997/06,0.051714902843859045,0.002643171952494579,0.0,4512,0.0027608316670733723
51,"PO YAN HSE(Block 1,PO LAM EST),PO LAM RD N|寶林村,1座(寶仁樓),寶琳北路",寶琳北路,1988/02,-0.9848664771900881,-0.004213651661350237,0.7767391160664756,4,0.0027608316670733723
52,"TSEUNG KWAN O PLAZA(Phase 1),Block 3,TONG TAK ST|將軍澳廣場1期,3座,唐德街",唐德街,2003/05,0.021505271752911947,0.002180278466738752,0.0,4084,0.0027608316670733723
53,"PO CHUNG HSE(Block A,PO MING COURT),TONG MING ST|寶明苑,A座(寶松閣),唐明街",唐明街,1998/06,-0.39773491329212285,0.0030776485972992176,0.35741862786362555,377,0.0027608316670733723
54,"PO PAK HSE(Block B,PO MING COURT),TONG MING ST|寶明苑,B座(寶柏閣),唐明街",唐明街,1998/06,-0.5074685737183744,0.00796960787764443,0.030757065446918253,275,0.0027608316670733723
55,"LA SPLENDEUR(Block 10,Phase 2C,LOHAS PARK),1 LOHAS PARK RD|日出康城,2C期,10座(領凱),1 康城路",康城路,2012/12,-0.4524281432118302,0.0005284414548744463,1.3072318783002856e-09,4222,0.0027608316670733723
56,"HEMERA EMERALD(Block 2,Phase 3A,LOHAS PARK),1 LOHAS PARK RD|日出康城,3A期,2座(緻藍天翠堤),1 康城路",康城路,2014/12,0.1678359825900969,0.00150115786282989,0.0,4209,0.0027608316670733723
57,"LE PRESTIGE(Block 1,Phase 2A,LOHAS PARK),1 LOHAS PARK RD|日出康城,2A期,1座(領都),1 康城路",康城路,2010/01,-0.22582911065838407,0.0022509380688341403,0.0,6240,0.0027608316670733723
58,"LA CITE NOBLE(Block 5),NGAN O RD|新寶城5座,銀澳路",銀澳路,1999/05,-0.3262984565400786,0.0015333485024390595,0.0,6240,0.0027608316670733723
59,"RESIDENCE OASIS(Block 7),PUI SHING RD|蔚藍灣畔7座,培成路",培成路,2004/12,0.03646461822868019,0.004836307903642677,0.0,6049,0.0027608316670733723
60,"CHOI CHUNG HSE(Block C,CHOI MING COURT),CHOI MING ST|彩明苑,C座(彩松閣),彩明街",彩明街,2001/04,-0.6164158698744675,0.002193591786873163,0.019422273720582695,109,0.0027608316670733723
61,"WO FAI HSE(Block B,Phase 1,WO MING COURT),8 NGAN O RD|和明苑,1期,B座(和暉閣),8 銀澳路",銀澳路,1999/09,-0.018097913118058973,0.0002201698004956053,0.9591335937331011,86,0.0027608316670733723
62,"THE CAPITOL LUCERNE (L WING)(Block 2,Phase 1,LOHAS PARK),1 LOHAS PARK RD|日出康城,1期,2座(首都),1 康城路",康城路,2008/12,-0.10419205792008568,0.0009378030682051378,2.651212582804874e-13,1537,0.0027608316670733723
63,"PARK CENTRAL(Phase 2),Block 1,TONG TAK ST|將軍澳中心2期,1座,唐德街",唐德街,2003/01,0.24662984935922905,0.0024897619517433313,0.0,6048,0.0027608316670733723
64,"CENTRAL HEIGHTS(Block 13,Phase 3,PARK CENTRAL),9 TONG TAK ST|將軍澳中心,3期,13座(將軍澳豪庭),9 唐德街",唐德街,2005/02,0.19209827101370658,0.0026072842518156955,0.0,6123,0.0027608316670733723
65,"EAST POINT CITY(Block 2),CHUNG WA RD|東港城2座,重華路",重華路,1997/06,0.17862347980497106,0.002913921104167725,0.0,3697,0.0027608316670733723
66,"BEVERLY GARDEN(Phase 2),Block 6,TONG MING ST|富康花園2期,6座,唐明街",唐明街,1998/07,-0.17589509551412608,0.00027920757703175496,0.7696961280023538,276,0.0027608316670733723
67,"OCEAN SHORES(Phase 1),Block 3,O KING RD|維景灣畔1期,3座,澳景路",澳景路,2001/01,0.20162258762698881,0.0018556935049744282,0.0,4697,0.0027608316670733723
68,"FINERY PARK(Block 1),YUK NGA LANE|富麗花園1座,毓雅里",毓雅里,1994/09,-0.3418000920185058,0.002651993462639064,0.0,4101,0.0027608316670733723
69,"LE PRIME(Block 8,Phase 2B,LOHAS PARK),1 LOHAS PARK RD|日出康城,2B期,8座(領峰),1 康城路",康城路,2011/03,0.02869745237714505,0.0009292629693699275,1.7763568394002505e-15,1953,0.0027608316670733723
70,"VERBENA HEIGHTS(Block 1),MAU TAI RD|茵怡花園1座,貿泰路",貿泰路,1997/08,-0.8371337421646075,-0.0025523296023510947,0.3096370268399924,265,0.0027608316670733723
71,"MALIBU(Block 3A,Phase VA,LOHAS PARK),1 LOHAS PARK RD|日出康城,VA期,3A座(MALIBU),1 康城路",康城路,2019/09,0.2751985758388882,0.0029323174076051734,0.0,1107,0.0027608316670733723
72,"LA SPLENDEUR(Block 9,Phase 2C,LOHAS PARK),1 LOHAS PARK RD|日出康城,2C期,9座(領凱),1 康城路",康城路,2012/12,-0.4607671884821054,0.00022082006833364163,0.00238352619131299,5091,0.0027608316670733723
73,"BAUHINIA GARDEN(Block 4),TONG CHUN ST|寶盈花園4座,唐俊街",唐俊街,2001/01,-0.803901042588949,0.0008305601657998707,0.6285300503870213,101,0.0027608316670733723
74,"LE PRIME(Block 6,Phase 2B,LOHAS PARK),1 LOHAS PARK RD|日出康城,2B期,6座(領峰),1 康城路",康城路,2011/03,0.007365003645115498,0.00033203846256075396,0.00010429466512684726,1461,0.0027608316670733723
75,"OCEAN SHORES(Phase 2),Block 8,O KING RD|維景灣畔2期,8座,澳景路",澳景路,2001/12,0.21905390535845082,0.003131252965156775,0.0,5010,0.0027608316670733723
76,"OSCAR BY THE SEA(Phase 2),Block 8,PUNG LOI RD|清水灣半島2期,8座,蓬萊路",蓬萊路,2001/12,0.16439850829331948,0.002438220560087238,0.0,5757,0.0027608316670733723
77,"TSEUNG KWAN O PLAZA(Phase 2),Block 6,TONG TAK ST|將軍澳廣場2期,6座,唐德街",唐德街,2003/12,-0.011537270921670562,0.001975530159471187,0.0,4743,0.0027608316670733723
78,"BAUHINIA GARDEN(Block 5),TONG CHUN ST|寶盈花園5座,唐俊街",唐俊街,2001/01,-0.12739963459210135,0.0034479132477858486,5.38859122642954e-05,236,0.0027608316670733723
79,"THE METROPOLIS(Block 1,Phase 3,METRO CITY),8 MAU YIP RD|新都城,3期,1座(都會豪庭),8 貿業路",貿業路,1999/11,0.08773447715038007,0.002090374180750925,0.0,4373,0.0027608316670733723
80,"WELL ON GARDEN(Block 1),YUK NGA LANE|慧安園1座,毓雅里",毓雅里,1994/06,-0.440137556198946,0.0025174856729023834,0.0,4968,0.0027608316670733723
81,"EAST POINT CITY(Block 7),CHUNG WA RD|東港城7座,重華路",重華路,1997/06,0.12653580391927277,0.002895218906839742,0.0,4954,0.0027608316670733723
82,"METRO TOWN(Phase 1),Block 1,KING LING RD|都會駅1期,1座,景嶺路",景嶺路,2006/06,-0.07961597265385745,0.0016596689123333762,0.0,5175,0.0027608316670733723
83,"OCEAN SHORES(Phase 3),Block 15,O KING RD|維景灣畔3期,15座,澳景路",澳景路,2003/05,0.22861256055100254,0.0028470695372087578,0.0,5473,0.0027608316670733723
84,"METRO CITY(Phase 1),Block 6,WAN HANG RD|新都城1期,6座,運亨路",運亨路,1996/12,-0.11923843666675049,0.001885258227234744,0.0,5570,0.0027608316670733723
85,"SAVANNAH(Block 2),CHI SHIN ST|SAVANNAH2座,至善街",至善街,2017/06,0.2057444164775113,0.0040637937900999226,0.0,881,0.0027608316670733723
86,"STAR DIAMOND(Block 7,THE WINGS),TONG YIN ST|天晉,7座(星鑽海),唐賢街",唐賢街,2012/12,0.29128230145399625,0.003281663681721124,0.0,2390,0.0027608316670733723
87,"THE PAPILLONS(Block 2),TONG CHUN ST|海翩匯2座,唐俊街",唐俊街,2018/05,0.1884661683578328,0.009952223224224154,0.0,349,0.0027608316670733723
88,"THE WINGS IIIA(Block 2A),TONG YIN ST|天晉 IIIA2A座,唐賢街",唐賢街,2016/06,0.08039280240384317,0.002981216342563366,0.0,953,0.0027608316670733723
89,"TSEUNG KWAN O PLAZA(Phase 1),Block 2,TONG TAK ST|將軍澳廣場1期,2座,唐德街",唐德街,2003/05,-0.11930457975938191,0.0018733055183758442,0.0,3699,0.0027608316670733723
90,"THE METROPOLIS(Block 2,Phase 3,METRO CITY),8 MAU YIP RD|新都城,3期,2座(都會豪庭),8 貿業路",貿業路,1999/11,0.23980601676572966,0.0028999525427753346,0.0,4049,0.0027608316670733723
91,"PARK CENTRAL(Phase 1),Block 5,TONG TAK ST|將軍澳中心1期,5座,唐德街",唐德街,2002/08,0.3029138849259049,0.0022876313103181263,0.0,6240,0.0027608316670733723
92,"THE WINGS IIIA(Block 1B),TONG YIN ST|天晉 IIIA1B座,唐賢街",唐賢街,2016/06,0.05879610260769608,0.0012686338553551052,0.0,1655,0.0027608316670733723
93,"OCEAN WINGS(Block 6A),TONG CHUN ST|海天晉6A座,唐俊街",唐俊街,2017/10,0.4765091268008118,0.008979089325976177,0.0,649,0.0027608316670733723
94,"EAST POINT CITY(Block 5),CHUNG WA RD|東港城5座,重華路",重華路,1997/06,0.17939225846325058,0.003175324760491632,0.0,4479,0.0027608316670733723
95,"THE PARKSIDE(Block 2),TONG CHUN ST|THE PARKSIDE2座,唐俊街",唐俊街,2015/12,0.2399897253488119,0.0023778651327744263,0.0,1517,0.0027608316670733723
96,"LE POINT(Block 8,Phase 2,METRO TOWN),8 KING LING RD|都會駅,2期,8座(城中駅),8 景嶺路",景嶺路,2007/10,-0.16075123831705906,0.0015477448488236559,0.0,5516,0.0027608316670733723
97,"METRO CITY(Phase 2),Block 11,YAN KING RD|新都城2期,11座,欣景路",欣景路,1999/12,-0.24319705564224936,0.0011431099129633436,0.0,5424,0.0027608316670733723
98,"NAN FUNG PLAZA(Block 1),PUI SHING RD|南豐廣場1座,培成路",培成路,1999/06,0.018829994844458686,0.0020473407507256443,0.0,3383,0.0027608316670733723
99,"LE PRIME(Block 7,Phase 2B,LOHAS PARK),1 LOHAS PARK RD|日出康城,2B期,7座(領峰),1 康城路",康城路,2011/03,0.011861778004316315,0.0007550328391762869,3.281579608049867e-08,1722,0.0027608316670733723
100,"OSCAR BY THE SEA(Phase 2),Block 7,PUNG LOI RD|清水灣半島2期,7座,蓬萊路",蓬萊路,2001/12,0.1004574603359637,0.0015671248001789533,0.0,5588,0.0027608316670733723
101,"OCEAN SHORES(Phase 2),Block 9,O KING RD|維景灣畔2期,9座,澳景路",澳景路,2001/12,0.3332590947059484,0.00363890272223257,0.0,5462,0.0027608316670733723
102,"FU NING GARDEN(Block 1),PO NING RD|富寧花園1座,寶寧路",寶寧路,1990/04,-0.5655099872764955,0.0027620779269864064,0.0014664167702276298,285,0.0027608316670733723
103,"HEMERA DIAMOND(Block 1,Phase 3A,LOHAS PARK),1 LOHAS PARK RD|日出康城,3A期,1座(緻藍天鑽岸),1 康城路",康城路,2014/12,0.20418196754664053,0.001763838589823708,0.0,3793,0.0027608316670733723
104,"THE METROPOLIS(Block 4,Phase 3,METRO CITY),8 MAU YIP RD|新都城,3期,4座(都會豪庭),8 貿業路",貿業路,1999/11,0.08223922902440195,0.0022810216454113483,0.0,3675,0.0027608316670733723
105,"EAST POINT CITY(Block 1),CHUNG WA RD|東港城1座,重華路",重華路,1997/06,0.20034881651595327,0.002866809466501969,0.0,4812,0.0027608316670733723
106,"METRO TOWN(Phase 1),Block 2,KING LING RD|都會駅1期,2座,景嶺路",景嶺路,2006/06,-0.05344117389700642,0.001181966549981007,0.0,5333,0.0027608316670733723
107,"OSCAR BY THE SEA(Phase 2),Block 5,PUNG LOI RD|清水灣半島2期,5座,蓬萊路",蓬萊路,2001/12,0.23340701972995448,0.002280871963645448,0.0,5620,0.0027608316670733723
108,"SERENITY PLACE(Block 3),PO HONG RD|怡心園3座,寶康路",寶康路,1999/01,-0.031121665346622418,0.002672246520849735,0.0,3676,0.0027608316670733723
109,"OCEAN MARINI(Block 1B,Phase IXC,LOHAS PARK),1 LOHAS PARK RD|日出康城,IXC期,1B座(OCEAN MARINI),1 康城路",康城路,2022/04,0.4486061270273589,0.00234941072961902,0.0,2103,0.0027608316670733723
110,"MONTARA(Block 2B,Phase VIIA,LOHAS PARK),1 LOHAS PARK RD|日出康城,VIIA期,2B座(MONTARA),1 康城路",康城路,2021/10,0.20913466908975586,0.001511908902498685,0.0,2561,0.0027608316670733723
111,"TSEUNG KWAN O PLAZA(Phase 1),Block 3A,TONG TAK ST|將軍澳廣場1期,3A座,唐德街",唐德街,2003/05,0.005737272512230884,0.002281949288428377,0.0,3934,0.0027608316670733723
112,"TWIN PEAKS(Block 2),CHI SHIN ST|嘉悅2座,至善街",至善街,2016/06,0.36572555928666495,0.004215090429776754,0.0,1471,0.0027608316670733723
113,"OCEAN SHORES(Phase 3),Block 11,O KING RD|維景灣畔3期,11座,澳景路",澳景路,2003/05,0.2517138047864893,0.0036055224414169532,0.0,2970,0.0027608316670733723
114,"MARITIME BAY(Block 2),PUI SHING RD|海悅豪園2座,培成路",培成路,1998/12,0.1625297897225435,0.002901188361807273,0.0,5198,0.0027608316670733723
115,"LE POINT(Block 9,Phase 2,METRO TOWN),8 KING LING RD|都會駅,2期,9座(城中駅),8 景嶺路",景嶺路,2007/10,-0.008575806551760934,0.001535928972325422,0.0,5930,0.0027608316670733723
116,"THE PAPILLONS(Block 6),TONG CHUN ST|海翩匯6座,唐俊街",唐俊街,2018/05,0.1340506333970819,0.00544507874812208,0.0,1418,0.0027608316670733723
117,"OCEAN WINGS(Block 3),TONG CHUN ST|海天晉3座,唐俊街",唐俊街,2017/10,0.20837939967763874,0.005494775393936135,0.0,352,0.0027608316670733723
118,"SAVANNAH(Block 3A),CHI SHIN ST|SAVANNAH3A座,至善街",至善街,2017/06,0.3334837364410018,0.004807550774982052,0.0,1035,0.0027608316670733723
119,"METRO CITY(Phase 2),Block 6,YAN KING RD|新都城2期,6座,欣景路",欣景路,1999/12,-0.05938817358079662,0.0025765694632839324,0.0,4442,0.0027608316670733723
120,"THE BEAUMOUNT II(Block 3),SHEK KOK RD|峻瀅II3座,石角路",石角路,2016/07,0.5503360010263445,0.002889705298527617,0.0,5938,0.0027608316670733723
121,"MONTARA(Block 2A,Phase VIIA,LOHAS PARK),1 LOHAS PARK RD|日出康城,VIIA期,2A座(MONTARA),1 康城路",康城路,2021/10,0.42499833144381094,0.0024058146076926497,0.0,2278,0.0027608316670733723
122,"MARINI(Block 3A,Phase IXA,LOHAS PARK),1 LOHAS PARK RD|日出康城,IXA期,3A座(MARINI),1 康城路",康城路,2021/11,0.3478402362560463,0.0020847635191191313,0.0,3631,0.0027608316670733723
123,"MONTEREY(Block 2A),TONG CHUN ST|MONTEREY2A座,唐俊街",唐俊街,2018/05,0.3866431898920275,0.007411998392106344,0.0,125,0.0027608316670733723
124,"THE GRANDIOSE(Block 3),TONG CHUN ST|君傲灣3座,唐俊街",唐俊街,2006/01,0.09512831898866136,0.002357470777327018,0.0,3959,0.0027608316670733723
125,"GRAND MONTARA(Block 1B,Phase VIIB,LOHAS PARK),1 LOHAS PARK RD|日出康城,VIIB期,1B座(GRAND MONTARA),1 康城路",康城路,2021/12,0.5399125567888159,0.0022422623087034353,0.0,2753,0.0027608316670733723
126,"OCEAN SHORES(Phase 2),Block 7,O KING RD|維景灣畔2期,7座,澳景路",澳景路,2001/12,0.3212652764976497,0.0029509640961872625,0.0,5488,0.0027608316670733723
127,"WO HUI HSE(Block D,Phase 2,WO MING COURT),8 NGAN O RD|和明苑,2期,D座(和煦閣),8 銀澳路",銀澳路,1999/06,-0.7653286988982206,0.008044116473069374,0.12045494580780147,15,0.0027608316670733723
128,"PARK CENTRAL(Phase 2),Block 10,TONG TAK ST|將軍澳中心2期,10座,唐德街",唐德街,2003/01,0.13729937414126925,0.001960774753259817,0.0,6240,0.0027608316670733723
129,"PARK CENTRAL(Phase 1),Block 6,TONG TAK ST|將軍澳中心1期,6座,唐德街",唐德街,2002/08,0.3281209438180237,0.0026638275149491997,0.0,5988,0.0027608316670733723
130,"THE BEAUMOUNT(Block 3),SHEK KOK RD|峻瀅3座,石角路",石角路,2013/09,0.04173933365292215,0.0009178551923174334,0.0,6084,0.0027608316670733723
131,"THE BEAUMOUNT II(Block 1),SHEK KOK RD|峻瀅II1座,石角路",石角路,2016/07,0.5993133037404105,0.0033698487782492016,0.0,6010,0.0027608316670733723
132,"KWAN MING HSE(Block B,YUK MING COURT),NGAN O RD|煜明苑,B座(焜明閣),銀澳路",銀澳路,1996/04,0.03268284657271614,0.009953696002600664,0.00046709108679632294,170,0.0027608316670733723
133,"ASTER DIAMOND(Block 2,THE WINGS),TONG YIN ST|天晉,2座(彗鑽海),唐賢街",唐賢街,2012/12,0.27481495658571076,0.002987337215856934,0.0,2546,0.0027608316670733723
134,"MING LEUNG HSE(Block B,YING MING COURT),PO LAM RD N|英明苑,B座(明亮閣),寶琳北路",寶琳北路,1989/03,-0.767399942879333,0.0021017967245077216,0.0016487244363283526,397,0.0027608316670733723
135,"KING LUI HSE(Block 2,KING LAM EST),PO LAM RD N|景林村,2座(景櫚樓),寶琳北路",寶琳北路,1990/08,-0.7771597053361963,-0.005648837566234899,0.5737931140439989,11,0.0027608316670733723
136,"MALIBU(Block 1A,Phase VA,LOHAS PARK),1 LOHAS PARK RD|日出康城,VA期,1A座(MALIBU),1 康城路",康城路,2019/09,0.44975589047386844,0.0029308865706907292,0.0,1844,0.0027608316670733723
137,"CHOI TO HSE(Block E,CHOI MING COURT),CHOI MING ST|彩明苑,E座(彩桃閣),彩明街",彩明街,2001/04,-0.3147618963748289,0.002930944774126535,0.0042129181332295484,142,0.0027608316670733723
138,"TONG WONG HSE(Block B,TONG MING COURT),TONG MING ST|唐明苑,B座(唐煌閣),唐明街",唐明街,1999/02,-0.48230870249564894,0.0011592475531415406,0.8315560975075162,78,0.0027608316670733723
139,"MARITIME BAY(Block 1),PUI SHING RD|海悅豪園1座,培成路",培成路,1998/12,0.15136340398091452,0.0028242542705808676,0.0,4754,0.0027608316670733723
140,"OCEAN SHORES(Phase 2),Block 10,O KING RD|維景灣畔2期,10座,澳景路",澳景路,2001/12,0.2194799396671454,0.002685848111239486,0.0,4952,0.0027608316670733723
141,"KING MIN HSE(Block 3,KING LAM EST),PO LAM RD N|景林村,3座(景棉樓),寶琳北路",寶琳北路,1990/01,-0.17193433502603228,-0.0036210400224144395,0.4691095544444104,13,0.0027608316670733723
142,"WELL ON GARDEN(Block 3),YUK NGA LANE|慧安園3座,毓雅里",毓雅里,1994/06,-0.4824887381671552,0.0026863870053069356,0.0,5697,0.0027608316670733723
143,"OSCAR BY THE SEA(Phase 1),Block 2,PUNG LOI RD|清水灣半島1期,2座,蓬萊路",蓬萊路,2001/05,-0.36283422195901194,0.007349096505998758,3.1166107694602374e-08,312,0.0027608316670733723
144,"RESIDENCE OASIS(Block 2),PUI SHING RD|蔚藍灣畔2座,培成路",培成路,2004/12,0.29579801610123546,0.0034481114694096754,0.0,5460,0.0027608316670733723
145,"LE PRESTIGE(Block 5,Phase 2A,LOHAS PARK),1 LOHAS PARK RD|日出康城,2A期,5座(領都),1 康城路",康城路,2010/01,-0.30399360426432187,0.001542922221157143,0.0,6240,0.0027608316670733723
146,"LE POINT(Block 7,Phase 2,METRO TOWN),8 KING LING RD|都會駅,2期,7座(城中駅),8 景嶺路",景嶺路,2007/10,0.20229137980795597,0.002110533097834102,0.0,5856,0.0027608316670733723
147,"THE BEAUMOUNT(Block 6),SHEK KOK RD|峻瀅6座,石角路",石角路,2013/09,0.10129330994023689,0.0025840835542349384,0.0,6201,0.0027608316670733723
148,"OCEAN SHORES(Phase 3),Block 16,O KING RD|維景灣畔3期,16座,澳景路",澳景路,2003/07,0.22986126098265058,0.002300467728078369,0.0,2911,0.0027608316670733723
149,"MALIBU(Block 2A,Phase VA,LOHAS PARK),1 LOHAS PARK RD|日出康城,VA期,2A座(MALIBU),1 康城路",康城路,2019/09,0.2647661043365478,0.003226866929917995,0.0,1115,0.0027608316670733723
150,"SKY DIAMOND(Block 1,THE WINGS),TONG YIN ST|天晉,1座(天鑽海),唐賢街",唐賢街,2012/12,0.41633615729982654,0.004177710836322194,0.0,2749,0.0027608316670733723
151,"THE CAPITOL VIENNA (L WING)(Block 6,Phase 1,LOHAS PARK),1 LOHAS PARK RD|日出康城,1期,6座(首都),1 康城路",康城路,2008/12,-0.3215304569065873,-0.00021028156657549156,0.14207179024528793,2158,0.0027608316670733723
152,"SUN DIAMOND(Block 6,THE WINGS),TONG YIN ST|天晉,6座(日鑽海),唐賢街",唐賢街,2012/12,0.25342095920326657,0.003648414349124353,0.0,2953,0.0027608316670733723
153,"YAN LAN HSE(Block D,YAN MING COURT),PO LAM RD N|欣明苑,D座(欣蘭閣),寶琳北路",寶琳北路,1990/06,-0.5915377024701747,0.000980880676159507,0.258760191107114,330,0.0027608316670733723
154,"THE CAPITOL BANFF (L WING)(Block 1,Phase 1,LOHAS PARK),1 LOHAS PARK RD|日出康城,1期,1座(首都),1 康城路",康城路,2008/12,-0.1306273475503148,0.0014422788842829235,0.0,1932,0.0027608316670733723
155,"THE WINGS IIIA(Block 1A),TONG YIN ST|天晉 IIIA1A座,唐賢街",唐賢街,2016/06,0.28919762453717524,0.004587521363796267,0.0,1719,0.0027608316670733723
156,"FU NING GARDEN(Block 6),PO NING RD|富寧花園6座,寶寧路",寶寧路,1990/04,-0.4598952839344743,0.002479202172479063,0.001824379985555069,165,0.0027608316670733723
157,"KING YUNG HSE(Block 8,KING LAM EST),PO LAM RD N|景林村,8座(景榕樓),寶琳北路",寶琳北路,1991/08,0.16123329960710053,-0.012139505595760307,0.006246761435096504,26,0.0027608316670733723
158,"THE WINGS IIIA(Block 5A),TONG YIN ST|天晉 IIIA5A座,唐賢街",唐賢街,2016/06,0.3156862555860541,0.004216951786643016,0.0,1867,0.0027608316670733723
159,"BAUHINIA GARDEN(Block 2),TONG CHUN ST|寶盈花園2座,唐俊街",唐俊街,2001/01,-0.5685047623014936,0.0018212232800189974,0.007850157208339592,352,0.0027608316670733723
160,"WAI MING HSE(Block A,YUK MING COURT),CHIU SHUN RD|煜明苑,A座(煒明閣),昭信路",昭信路,1996/05,0.025627024077693017,-0.006892419225964293,0.0345573365143832,116,0.0027608316670733723
161,"BEVERLY GARDEN(Phase 2),Block 10,TONG MING ST|富康花園2期,10座,唐明街",唐明街,1998/07,-0.1503636004442448,0.00024064472715190456,0.8009442623082972,275,0.0027608316670733723
162,"SERENITY PLACE(Block 1),PO HONG RD|怡心園1座,寶康路",寶康路,1999/01,-0.20924784056518098,0.0021593359405329172,0.0,3918,0.0027608316670733723
163,"FU NING GARDEN(Block 5),PO NING RD|富寧花園5座,寶寧路",寶寧路,1990/04,-0.23355942246132178,0.0012429756539948694,0.14858776009180308,223,0.0027608316670733723
164,"HONG LAM HSE(Block 7,TSUI LAM EST),TSUI LAM RD|翠林村,7座(康林樓),翠琳路",翠琳路,1988/03,,-0.496978641381019,,1,0.0027608316670733723
165,"MONTEREY(Block 5),TONG CHUN ST|MONTEREY5座,唐俊街",唐俊街,2018/05,0.33495567168971896,0.012019564182961453,0.0,620,0.0027608316670733723
166,"METRO CITY(Phase 2),Block 9,YAN KING RD|新都城2期,9座,欣景路",欣景路,1999/12,0.006999100581050355,0.0030228737214199526,0.0,5155,0.0027608316670733723
167,"METRO CITY(Phase 2),Block 5,YAN KING RD|新都城2期,5座,欣景路",欣景路,1999/12,0.2281077573829916,0.003273029288521503,0.0,2587,0.0027608316670733723
168,"HONG SING GARDEN(Block 3),PO LAM RD N|康盛花園3座,寶琳北路",寶琳北路,1989/01,-0.8759205300779607,0.0027933962019947266,0.0257566574912953,129,0.0027608316670733723
169,"LE PRESTIGE(Block 2,Phase 2A,LOHAS PARK),1 LOHAS PARK RD|日出康城,2A期,2座(領都),1 康城路",康城路,2010/01,-0.3043023703573404,0.0012508853678953105,0.0,6240,0.0027608316670733723
170,"LE POINT(Block 10,Phase 2,METRO TOWN),8 KING LING RD|都會駅,2期,10座(城中駅),8 景嶺路",景嶺路,2007/10,-0.05870028183065634,0.0018206689913358516,0.0,5769,0.0027608316670733723
171,"OCEAN SHORES(Phase 1),Block 6,O KING RD|維景灣畔1期,6座,澳景路",澳景路,2000/12,0.187530698362952,0.002612597901258311,0.0,4498,0.0027608316670733723
172,"TSEUNG KWAN O PLAZA(Phase 1),Block 1,TONG TAK ST|將軍澳廣場1期,1座,唐德街",唐德街,2003/05,-0.10921615530941042,0.0015699581321178132,0.0,3340,0.0027608316670733723
173,"NAN FUNG PLAZA(Block 3),PUI SHING RD|南豐廣場3座,培成路",培成路,1999/06,-0.12181733069173828,0.0026331258594913943,0.0,3474,0.0027608316670733723
174,"BAUHINIA GARDEN(Block 1),TONG CHUN ST|寶盈花園1座,唐俊街",唐俊街,2001/01,-0.42777514536636696,-0.0007430073018705582,0.48108385271799436,289,0.0027608316670733723
175,"THE WINGS II(Block 1B),TONG CHUN ST|天晉II1B座,唐俊街",唐俊街,2014/03,0.16402365742656766,0.0031824434947335272,0.0,1535,0.0027608316670733723
176,"PARK CENTRAL(Phase 2),Block 2,TONG TAK ST|將軍澳中心2期,2座,唐德街",唐德街,2003/01,0.2183586152448409,0.0024420815034392734,0.0,5590,0.0027608316670733723
177,"BEVERLY GARDEN(Phase 2),Block 4,TONG MING ST|富康花園2期,4座,唐明街",唐明街,1998/07,0.026129221452001916,0.0044252564475497835,1.363450881819439e-05,204,0.0027608316670733723
178,"TSEUNG KWAN O PLAZA(Phase 2),Block 5,TONG TAK ST|將軍澳廣場2期,5座,唐德街",唐德街,2003/12,0.08729429738608296,0.0018300920473609517,0.0,4564,0.0027608316670733723
179,"THE PAPILLONS(Block 1),TONG CHUN ST|海翩匯1座,唐俊街",唐俊街,2018/05,0.12227101809016383,0.006928972044912724,2.426145950806813e-10,291,0.0027608316670733723
180,"LA CITE NOBLE(Block 3),NGAN O RD|新寶城3座,銀澳路",銀澳路,1999/05,0.0016333844124145624,0.002649874887169427,0.0,5218,0.0027608316670733723
181,"THE BEAUMOUNT II(Block 2),SHEK KOK RD|峻瀅II2座,石角路",石角路,2016/07,0.424011676257534,0.0025626475172462627,0.0,5972,0.0027608316670733723
182,"RADIANT TOWERS(Block 1),YUK NGA LANE|旭輝臺1座,毓雅里",毓雅里,1998/12,-0.3242898375058678,0.0021418279398636767,0.0,1290,0.0027608316670733723
183,"KWONG YING HSE(Block E,KWONG MING COURT),PO HONG RD|廣明苑,E座(廣盈閣),寶康路",寶康路,1998/04,-0.04940416990286378,-0.012586716909902096,0.00027186523798516937,98,0.0027608316670733723
184,"KWONG SUI HSE(Block D,KWONG MING COURT),PO HONG RD|廣明苑,D座(廣瑞閣),寶康路",寶康路,1998/03,-0.10527101145483209,0.00575929682249279,0.08593357057212625,68,0.0027608316670733723
185,"THE CAPITOL OSLO (L WING)(Block 5,Phase 1,LOHAS PARK),1 LOHAS PARK RD|日出康城,1期,5座(首都),1 康城路",康城路,2008/12,-0.09904539749288044,0.0017509759386119435,0.0,2002,0.0027608316670733723
186,"METRO CITY(Phase 2),Block 3,YAN KING RD|新都城2期,3座,欣景路",欣景路,1999/12,-0.06729054685945157,0.0019220554485412105,0.0,5658,0.0027608316670733723
187,"SAVANNAH(Block 2A),CHI SHIN ST|SAVANNAH2A座,至善街",至善街,2017/06,0.16572971237102752,0.00488771334944869,0.0,2506,0.0027608316670733723
188,"THE GRANDIOSE(Block 1),TONG CHUN ST|君傲灣1座,唐俊街",唐俊街,2006/01,0.17692434470094331,0.002347861582662623,0.0,4167,0.0027608316670733723
189,"METRO CITY(Phase 2),Block 7,YAN KING RD|新都城2期,7座,欣景路",欣景路,1999/12,-0.02394919053988742,0.0028092195851775743,0.0,5949,0.0027608316670733723
190,"RESIDENCE OASIS(Block 5),PUI SHING RD|蔚藍灣畔5座,培成路",培成路,2004/12,0.25437918659750036,0.0029269539776285583,0.0,6126,0.0027608316670733723
191,"LA CITE NOBLE(Block 6),NGAN O RD|新寶城6座,銀澳路",銀澳路,1999/05,0.03005320037715875,0.002300345141741382,0.0,5262,0.0027608316670733723
192,"PARK CENTRAL(Phase 1),Block 7,TONG TAK ST|將軍澳中心1期,7座,唐德街",唐德街,2002/08,0.052450383217404695,0.001825806874584399,0.0,6240,0.0027608316670733723
193,"RESIDENCE OASIS(Block 3),PUI SHING RD|蔚藍灣畔3座,培成路",培成路,2004/12,0.28351860914101756,0.0030351144233445367,0.0,5291,0.0027608316670733723
194,"OCEAN SHORES(Phase 3),Block 13,O KING RD|維景灣畔3期,13座,澳景路",澳景路,2003/05,0.21421170047732163,0.0025905301251575156,0.0,4264,0.0027608316670733723
195,"SEA TO SKY(Block 1,Phase 8,LOHAS PARK),1 LOHAS PARK RD|日出康城,8期,1座(SEA TO SKY),1 康城路",康城路,2022/02,0.7132366296011712,0.0025209183387517775,0.0,3459,0.0027608316670733723
196,"LUNA DIAMOND(Block 3,THE WINGS),TONG YIN ST|天晉,3座(月鑽海),唐賢街",唐賢街,2012/12,0.4758543321831258,0.0028365822622395836,0.0,2751,0.0027608316670733723
197,"YAN CHUNG HSE(Block A,YAN MING COURT),PO LAM RD N|欣明苑,A座(欣松閣),寶琳北路",寶琳北路,1990/04,-0.09153076965592333,0.0025941089731712956,0.003005944285736195,267,0.0027608316670733723
198,"THE BEAUMOUNT(Block 7),SHEK KOK RD|峻瀅7座,石角路",石角路,2013/09,-0.05288529536867381,0.0014468804891369636,0.0,5085,0.0027608316670733723
199,"PARK CENTRAL(Phase 2),Block 3,TONG TAK ST|將軍澳中心2期,3座,唐德街",唐德街,2003/01,0.21257418664375594,0.0022407673357266278,0.0,6021,0.0027608316670733723
200,"BEVERLY GARDEN(Phase 2),Block 9,TONG MING ST|富康花園2期,9座,唐明街",唐明街,1998/07,-0.044379542893994595,0.0006075664511474467,0.40771693977690493,333,0.0027608316670733723
201,"THE WINGS IIIA(Block 3B),TONG YIN ST|天晉 IIIA3B座,唐賢街",唐賢街,2016/06,0.23646352929809067,0.003822401915183993,0.0,2325,0.0027608316670733723
202,"OSCAR BY THE SEA(Phase 1),Block 1,PUNG LOI RD|清水灣半島1期,1座,蓬萊路",蓬萊路,2001/05,-0.2553671468693628,0.00048507779897411364,0.44243490316019507,475,0.0027608316670733723
203,"MONTEREY(Block 6B),TONG CHUN ST|MONTEREY6B座,唐俊街",唐俊街,2018/05,0.15679626100022592,0.009576927623585885,0.0,390,0.0027608316670733723
204,"METRO CITY(Phase 2),Block 8,YAN KING RD|新都城2期,8座,欣景路",欣景路,1999/12,-0.18018615238786473,0.0029156981973343945,0.0,6240,0.0027608316670733723
205,"MALIBU(Block 1B,Phase VA,LOHAS PARK),1 LOHAS PARK RD|日出康城,VA期,1B座(MALIBU),1 康城路",康城路,2019/09,0.19873763202468464,0.003012595601134434,0.0,1152,0.0027608316670733723
206,"OCEAN WINGS(Block 8),TONG CHUN ST|海天晉8座,唐俊街",唐俊街,2017/10,0.054000617881196034,0.008760051168019431,6.275552328549594e-05,85,0.0027608316670733723
207,"ON NING GARDEN(Block 1),SHEUNG NING RD|安寧花園1座,常寧路",常寧路,1990/12,-0.8467308242001772,0.0004005932969895137,0.5312223908785887,258,0.0027608316670733723
208,"WINGS AT SEA II(Block 5B,Phase IVB,LOHAS PARK),1 LOHAS PARK RD|日出康城,IVB期,5B座(晉海II),1 康城路",康城路,2018/12,0.14528364196622956,0.00213346322585716,3.348432642269472e-13,141,0.0027608316670733723
209,"ON NING GARDEN(Block 6),SHEUNG NING RD|安寧花園6座,常寧路",常寧路,1990/12,-1.227988545573714,0.00011123061935432769,0.8410813715226517,506,0.0027608316670733723
210,"CHOI LAM HSE(Block 5,TSUI LAM EST),TSUI LAM RD|翠林村,5座(彩林樓),翠琳路",翠琳路,1988/04,-1.5873409972760966,-0.0050620667353058636,0.7132211381434872,4,0.0027608316670733723
211,"SAVANNAH(Block 5),CHI SHIN ST|SAVANNAH5座,至善街",至善街,2017/06,0.19385290074761918,0.011154057625418842,1.7385479722520358e-09,149,0.0027608316670733723
212,"METRO CITY(Phase 1),Block 4,WAN HANG RD|新都城1期,4座,運亨路",運亨路,1996/12,-0.06096612732692308,0.0024895208948336927,0.0,4615,0.0027608316670733723
213,"THE METROPOLIS(Block 3,Phase 3,METRO CITY),8 MAU YIP RD|新都城,3期,3座(都會豪庭),8 貿業路",貿業路,1999/11,0.1445938177482161,0.002442664400277388,0.0,4837,0.0027608316670733723
214,"SERENITY PLACE(Block 5),PO HONG RD|怡心園5座,寶康路",寶康路,1999/01,-0.04665733759799573,0.0018306467216045081,0.0,4263,0.0027608316670733723
215,"VERBENA HEIGHTS(Block 6),MAU TAI RD|茵怡花園6座,貿泰路",貿泰路,1997/08,-0.6270883111977459,0.007908331900767987,1.2283393473477844e-06,395,0.0027608316670733723
216,"GRAND MARINI(Block 2B,Phase IXB,LOHAS PARK),1 LOHAS PARK RD|日出康城,IXB期,2B座(GRAND MARINI),1 康城路",康城路,2022/01,0.40171639930992176,0.0018095822850144022,0.0,3269,0.0027608316670733723
217,"CORINTHIA BY THE SEA(Block 6),TONG YIN ST|帝景灣6座,唐賢街",唐賢街,2016/06,0.2165736804815267,0.0037958195311041105,0.0,931,0.0027608316670733723
218,"WINGS AT SEA II(Block 5A,Phase IVB,LOHAS PARK),1 LOHAS PARK RD|日出康城,IVB期,5A座(晉海II),1 康城路",康城路,2018/12,0.33703860713749034,0.0028241421136327672,0.0,168,0.0027608316670733723
219,"ON NING GARDEN(Block 3),SHEUNG NING RD|安寧花園3座,常寧路",常寧路,1990/12,-0.6899660638451508,0.0017684105708083314,0.02548506179072718,390,0.0027608316670733723
220,"THE PAPILLONS(Block 3),TONG CHUN ST|海翩匯3座,唐俊街",唐俊街,2018/05,0.19797876775516565,0.006814208741832574,0.0,1663,0.0027608316670733723
221,"TWIN PEAKS(Block 1),CHI SHIN ST|嘉悅1座,至善街",至善街,2016/06,0.37304483370911357,0.004118669851839781,0.0,1719,0.0027608316670733723
222,"LA SPLENDEUR(Block 11,Phase 2C,LOHAS PARK),1 LOHAS PARK RD|日出康城,2C期,11座(領凱),1 康城路",康城路,2012/12,-0.26196414737292173,0.001693172786130949,0.0,4435,0.0027608316670733723
223,"CAPRI(Block 2),TONG YIN ST|CAPRI2座,唐賢街",唐賢街,2017/03,0.378795317085886,0.016814744656092912,1.7563728249569976e-13,91,0.0027608316670733723
224,"VERBENA HEIGHTS(Block 5),MAU TAI RD|茵怡花園5座,貿泰路",貿泰路,1997/08,-0.9421072234382089,0.004490888750821931,0.04000881202480544,408,0.0027608316670733723
225,"ON NING GARDEN(Block 2),SHEUNG NING RD|安寧花園2座,常寧路",常寧路,1990/12,-0.7892224125959266,-0.0014522062032053928,0.051199223987134834,374,0.0027608316670733723
226,"MALIBU(Block 3B,Phase VA,LOHAS PARK),1 LOHAS PARK RD|日出康城,VA期,3B座(MALIBU),1 康城路",康城路,2019/09,0.3134930471192161,0.0027732184893227286,0.0,1581,0.0027608316670733723
227,"THE PARKSIDE(Block 1A),TONG CHUN ST|THE PARKSIDE1A座,唐俊街",唐俊街,2015/12,0.55049270242115,0.003792104826103679,0.0,1148,0.0027608316670733723
228,"PARK CENTRAL(Phase 1),Block 8,TONG TAK ST|將軍澳中心1期,8座,唐德街",唐德街,2002/08,0.032387685389489884,0.0020471868647995587,0.0,6090,0.0027608316670733723
229,"YU WING HSE(Block A,YU MING COURT),SHEUNG NING RD|裕明苑,A座(裕榮閣),常寧路",常寧路,1994/04,-0.4532464700330767,0.010019858036416593,0.00014146447923035765,287,0.0027608316670733723
230,"ALTO RESIDENCES(Block 5),TONG YIN ST|藍塘傲5座,唐賢街",唐賢街,2018/05,0.9234563189872051,0.016696521545098524,0.01073656069337292,3,0.0027608316670733723
231,"HONG SING GARDEN(Block 2),PO LAM RD N|康盛花園2座,寶琳北路",寶琳北路,1989/01,-0.7013631697972371,0.0020275204419807273,0.04262285356435824,196,0.0027608316670733723
232,"OCEAN SHORES(Phase 3),Block 17,O KING RD|維景灣畔3期,17座,澳景路",澳景路,2003/07,0.18615232215692024,0.002195764055322671,0.0,3381,0.0027608316670733723
233,"THE WINGS II(Block 1A),TONG CHUN ST|天晉II1A座,唐俊街",唐俊街,2014/03,0.33289328524064477,0.005746578059187473,0.0,1448,0.0027608316670733723
234,"MARINI(Block 3B,Phase IXA,LOHAS PARK),1 LOHAS PARK RD|日出康城,IXA期,3B座(MARINI),1 康城路",康城路,2021/11,0.6953597499474651,0.002418204594970923,0.0,4112,0.0027608316670733723
235,"THE WINGS II(Block 5B),TONG CHUN ST|天晉II5B座,唐俊街",唐俊街,2014/03,0.23153453227834864,0.0034526520252402978,0.0,1255,0.0027608316670733723
236,"ROYAL DIAMOND(Block 8,THE WINGS),TONG YIN ST|天晉,8座(皇鑽海),唐賢街",唐賢街,2012/12,0.5527415455958318,0.004556304283098046,0.0,2668,0.0027608316670733723
237,"HEMERA AMBER(Block 3,Phase 3A,LOHAS PARK),1 LOHAS PARK RD|日出康城,3A期,3座(緻藍天珀峰),1 康城路",康城路,2014/12,-0.004338276853425693,0.0001370365047828275,2.596145520783466e-12,4214,0.0027608316670733723
238,"SAVANNAH(Block 3B),CHI SHIN ST|SAVANNAH3B座,至善街",至善街,2017/06,0.44584382241611253,0.006216626247043056,0.0,1406,0.0027608316670733723
239,"YAN KUK HSE(Block E,YAN MING COURT),PO LAM RD N|欣明苑,E座(欣菊閣),寶琳北路",寶琳北路,1990/04,-0.5876635566326276,0.0031309031843232108,8.329422874253645e-05,354,0.0027608316670733723
240,"TSEUNG KWAN O PLAZA(Phase 2),Block 7,TONG TAK ST|將軍澳廣場2期,7座,唐德街",唐德街,2003/12,0.042776399762856965,0.002043077675034821,0.0,5134,0.0027608316670733723
241,"WELL ON GARDEN(Block 2),YUK NGA LANE|慧安園2座,毓雅里",毓雅里,1994/06,-0.27107483727414405,0.002936588763833875,0.0,4445,0.0027608316670733723
242,"WINGS AT SEA II(Block 3A,Phase IVB,LOHAS PARK),1 LOHAS PARK RD|日出康城,IVB期,3A座(晉海II),1 康城路",康城路,2018/12,0.15786608931245472,0.0012301935855451984,0.0,3557,0.0027608316670733723
243,"NAN FUNG PLAZA(Block 5),PUI SHING RD|南豐廣場5座,培成路",培成路,1999/06,-0.07356696917455974,0.0012272209980531544,0.0,4527,0.0027608316670733723
244,"THE PINNACLE(Block 4),WAN HANG RD|疊翠軒4座,運亨路",運亨路,1998/09,-0.209884910875054,0.0020305816242312076,0.0,3434,0.0027608316670733723
245,"THE CAPITOL WHISTLER (R WING)(Block 6,Phase 1,LOHAS PARK),1 LOHAS PARK RD|日出康城,1期,6座(首都),1 康城路",康城路,2008/12,-0.022515388862087038,0.0015121089908371214,0.0,2122,0.0027608316670733723
246,"METRO CITY(Phase 1),Block 1,WAN HANG RD|新都城1期,1座,運亨路",運亨路,1996/12,-0.2913950495651214,0.0012289285185664454,0.0,5344,0.0027608316670733723
247,"RESIDENCE OASIS(Block 1),PUI SHING RD|蔚藍灣畔1座,培成路",培成路,2004/12,0.3196323827652887,0.003270205027602627,0.0,4977,0.0027608316670733723
248,"NAN FUNG PLAZA(Block 6),PUI SHING RD|南豐廣場6座,培成路",培成路,1999/06,-0.08944369472947167,0.0021336482160540676,0.0,3896,0.0027608316670733723
249,"CAPRI(Block 5),TONG YIN ST|CAPRI5座,唐賢街",唐賢街,2017/03,0.19976918506378882,0.010511777655686337,4.984901380566953e-11,182,0.0027608316670733723
250,"CHOI YEUNG HSE(Block A,CHOI MING COURT),CHOI MING ST|彩明苑,A座(彩楊閣),彩明街",彩明街,2001/04,-0.017357105229125702,0.0017552883734779973,0.029897319022957225,211,0.0027608316670733723
251,"THE WINGS II(Block 3A),TONG CHUN ST|天晉II3A座,唐俊街",唐俊街,2014/03,0.19528489376552238,0.0034865875685412577,0.0,1469,0.0027608316670733723
252,"MONTEREY(Block 1),TONG CHUN ST|MONTEREY1座,唐俊街",唐俊街,2018/05,0.1669350233920215,0.005142276346669614,0.0,349,0.0027608316670733723
253,"BEVERLY GARDEN(Phase 1),Block 3,TONG MING ST|富康花園1期,3座,唐明街",唐明街,1998/07,-0.28591537353149277,0.0024503854128359944,0.04546679462828851,118,0.0027608316670733723
254,"ALTO RESIDENCES(Block 1),TONG YIN ST|藍塘傲1座,唐賢街",唐賢街,2018/05,-0.40893475887543884,0.008247220428906611,0.24991923622696155,6,0.0027608316670733723
255,"BAUHINIA GARDEN(Block 8),TONG CHUN ST|寶盈花園8座,唐俊街",唐俊街,2001/01,-0.8242013744089314,0.0014377659828164705,0.1335136262154486,225,0.0027608316670733723
256,"HEMERA TOPAZ(Block 5,Phase 3A,LOHAS PARK),1 LOHAS PARK RD|日出康城,3A期,5座(緻藍天晶巒),1 康城路",康城路,2014/12,0.13157068263668292,0.0014299618608494599,0.0,6125,0.0027608316670733723
257,"TSEUNG KWAN O PLAZA(Phase 2),Block 8,TONG TAK ST|將軍澳廣場2期,8座,唐德街",唐德街,2003/12,0.054056332449267885,0.0019972769796919635,0.0,5190,0.0027608316670733723
258,"KWONG CHEONG HSE(Block A,KWONG MING COURT),PO HONG RD|廣明苑,A座(廣昌閣),寶康路",寶康路,1998/03,0.029258967452784113,-0.008241958408116746,0.07189992758505337,58,0.0027608316670733723
259,"YAN LAM HSE(Block 4,TSUI LAM EST),TSUI LAM RD|翠林村,4座(欣林樓),翠琳路",翠琳路,1989/01,0.36403216399106386,-0.017877045617506554,0.035573852906241266,6,0.0027608316670733723
260,"METRO CITY(Phase 2),Block 1,YAN KING RD|新都城2期,1座,欣景路",欣景路,1999/12,0.18383969533516464,0.0029974760947426293,0.0,3888,0.0027608316670733723
261,"FAI MING HSE(Block B,CHUNG MING COURT),PO SHUN RD|頌明苑,B座(輝明閣),寶順路",寶順路,1993/10,-0.03725594368186225,-0.0015327032934001942,0.41150686682766424,15,0.0027608316670733723
262,"OSCAR BY THE SEA(Phase 1),Block 3,PUNG LOI RD|清水灣半島1期,3座,蓬萊路",蓬萊路,2001/05,-0.8276421043551521,0.008315182521821927,0.0007387292322968975,230,0.0027608316670733723
263,"YU CHEONG HSE(Block B,YU MING COURT),SHEUNG NING RD|裕明苑,B座(裕昌閣),常寧路",常寧路,1994/03,-0.21510824567619036,0.007268451760367736,6.30240625090206e-05,250,0.0027608316670733723
264,"METRO CITY(Phase 2),Block 10,YAN KING RD|新都城2期,10座,欣景路",欣景路,1999/12,-0.1590790063291594,0.002495923022182246,0.0,5419,0.0027608316670733723
265,"WELL ON GARDEN(Block 4),YUK NGA LANE|慧安園4座,毓雅里",毓雅里,1994/06,-0.38156290121769665,0.001028244099621467,1.810958050185718e-09,3775,0.0027608316670733723
266,"MING ON HSE(Block E,YING MING COURT),PO LAM RD N|英明苑,E座(明安閣),寶琳北路",寶琳北路,1989/04,-0.7581739905120242,0.0005844036043907672,0.38978420507779443,365,0.0027608316670733723
267,"KING YU HSE(Block 7,KING LAM EST),PO LAM RD N|景林村,7座(景榆樓),寶琳北路",寶琳北路,1991/08,-0.6006103309108712,-0.008100791345212542,0.08735083604871519,9,0.0027608316670733723
268,"VERBENA HEIGHTS(Block 4),MAU TAI RD|茵怡花園4座,貿泰路",貿泰路,1997/08,-0.8644753381720254,0.00090191859041373,0.6399030897699611,401,0.0027608316670733723
269,"HONG SING GARDEN(Block 5),PO LAM RD N|康盛花園5座,寶琳北路",寶琳北路,1989/01,-0.6548568587905175,0.003607246763934854,0.0030596470833550438,158,0.0027608316670733723
270,"THE WINGS II(Block 5A),TONG CHUN ST|天晉II5A座,唐俊街",唐俊街,2014/03,0.3865488114257949,0.006365509169104774,0.0,1135,0.0027608316670733723
271,"PARK CENTRAL(Phase 2),Block 12,TONG TAK ST|將軍澳中心2期,12座,唐德街",唐德街,2003/01,0.17722495206834943,0.001784828984345597,0.0,6240,0.0027608316670733723
272,"CORINTHIA BY THE SEA(Block 2),TONG YIN ST|帝景灣2座,唐賢街",唐賢街,2016/06,0.5110554424477167,0.012217819770092415,0.0,255,0.0027608316670733723
273,"CHOI LAU HSE(Block B,CHOI MING COURT),CHOI MING ST|彩明苑,B座(彩柳閣),彩明街",彩明街,2001/04,-0.17218441254753936,0.0053213082923788445,8.092265302295232e-09,156,0.0027608316670733723
274,"ON NING GARDEN(Block 5),SHEUNG NING RD|安寧花園5座,常寧路",常寧路,1990/12,-0.36603206690527523,4.5848751599841425e-05,0.9480886731481473,269,0.0027608316670733723
275,"THE CAPITOL MADRID (R WING)(Block 2,Phase 1,LOHAS PARK),1 LOHAS PARK RD|日出康城,1期,2座(首都),1 康城路",康城路,2008/12,-0.08230713896732267,0.00123498475349631,1.3135137422182197e-10,1737,0.0027608316670733723
276,"METRO CITY(Phase 1),Block 2,WAN HANG RD|新都城1期,2座,運亨路",運亨路,1996/12,-0.1780291683838433,0.002922841877160694,0.0,5180,0.0027608316670733723
277,"CHOI MUI HSE(Block F,CHOI MING COURT),CHOI MING ST|彩明苑,F座(彩梅閣),彩明街",彩明街,2001/04,-0.3335455615647398,0.004888808886120996,0.00021207633721753716,117,0.0027608316670733723
278,"MONTEREY(Block 6A),TONG CHUN ST|MONTEREY6A座,唐俊街",唐俊街,2018/05,0.18741309886752566,0.009569303796778063,0.0,574,0.0027608316670733723
279,"TONG FAI HSE(Block A,TONG MING COURT),TONG MING ST|唐明苑,A座(唐輝閣),唐明街",唐明街,1999/02,-0.4329848462593542,-0.0012233903693562266,0.7444911698330889,54,0.0027608316670733723
280,"THE PARKSIDE(Block 2A),TONG CHUN ST|THE PARKSIDE2A座,唐俊街",唐俊街,2015/12,0.35649405929988154,0.0033212515453945233,0.0,1154,0.0027608316670733723
281,"THE PARKSIDE(Block 1),TONG CHUN ST|THE PARKSIDE1座,唐俊街",唐俊街,2015/12,0.3059574528751208,0.0027727802411891614,0.0,1072,0.0027608316670733723
282,"OCEAN WINGS(Block 6B),TONG CHUN ST|海天晉6B座,唐俊街",唐俊街,2017/10,0.4011339705461444,0.007472252663004223,0.0,696,0.0027608316670733723
283,"CORINTHIA BY THE SEA(Block 5),TONG YIN ST|帝景灣5座,唐賢街",唐賢街,2016/06,0.3917045969216282,0.005124149489256965,0.0,468,0.0027608316670733723
284,"MONTEREY(Block 3),TONG CHUN ST|MONTEREY3座,唐俊街",唐俊街,2018/05,0.33869736612338497,0.013305344576672526,0.0,482,0.0027608316670733723
285,"KWONG SUN HSE(Block G,KWONG MING COURT),PO HONG RD|廣明苑,G座(廣新閣),寶康路",寶康路,1998/03,0.008648763090460254,0.0047808885697034524,0.15224334053544508,91,0.0027608316670733723
286,"OCEAN WINGS(Block 5),TONG CHUN ST|海天晉5座,唐俊街",唐俊街,2017/10,0.0994084432049881,0.005129308100804779,0.0,499,0.0027608316670733723
287,"CAPRI(Block 9),TONG YIN ST|CAPRI9座,唐賢街",唐賢街,2017/03,0.11473160005522687,0.008037555972641698,2.5589383945145983e-09,263,0.0027608316670733723
288,"WO YAT HSE(Block A,Phase 1,WO MING COURT),8 NGAN O RD|和明苑,1期,A座(和逸閣),8 銀澳路",銀澳路,1999/09,-0.08055619545331494,0.004588992071187366,0.04558630585719703,155,0.0027608316670733723
289,"MING YUEN HSE(Block A,YING MING COURT),PO LAM RD N|英明苑,A座(明遠閣),寶琳北路",寶琳北路,1989/03,-0.5624473634600453,0.00019701955751161282,0.7867709832404506,327,0.0027608316670733723
290,"KAR MING HSE(Block A,CHUNG MING COURT),PO SHUN RD|頌明苑,A座(嘉明閣),寶順路",寶順路,1993/08,-0.6786243272291876,-0.0009345779739658748,0.8594882222353175,26,0.0027608316670733723
291,"MONTEREY(Block 7B),TONG CHUN ST|MONTEREY7B座,唐俊街",唐俊街,2018/05,0.26101129169595594,0.010408896542155457,0.0,230,0.0027608316670733723
292,"THE CAPITOL MILAN (L WING)(Block 3,Phase 1,LOHAS PARK),1 LOHAS PARK RD|日出康城,1期,3座(首都),1 康城路",康城路,2008/12,-0.36189973519130314,0.0012022464935519772,9.163780845256042e-13,2054,0.0027608316670733723
293,"HO MING COURT(Block A),KAI KING RD|浩明苑A座,佳景路",佳景路,1990/11,-0.26345803380460175,0.0018467877359821835,0.0344087538136888,364,0.0027608316670733723
294,"MING CHI HSE(Block D,YING MING COURT),PO LAM RD N|英明苑,D座(明志閣),寶琳北路",寶琳北路,1989/04,-0.632250149605744,0.0015410592887562418,0.0019685233504791455,661,0.0027608316670733723
295,"CORINTHIA BY THE SEA(Block 8),TONG YIN ST|帝景灣8座,唐賢街",唐賢街,2016/06,-0.06662996246652697,0.0008274905302143629,0.36813448252731273,215,0.0027608316670733723
296,"ON NING GARDEN(Block 4),SHEUNG NING RD|安寧花園4座,常寧路",常寧路,1990/12,-0.7197662787037695,0.0011784216541913086,0.08057671089243268,425,0.0027608316670733723
297,"CAPRI(Block 10),TONG YIN ST|CAPRI10座,唐賢街",唐賢街,2017/03,0.14094420134631203,0.008407507226557233,1.6540102620865582e-12,276,0.0027608316670733723
298,"THE CAPITOL FLORENCE (R WING)(Block 1,Phase 1,LOHAS PARK),1 LOHAS PARK RD|日出康城,1期,1座(首都),1 康城路",康城路,2008/12,-0.23268277013738503,0.0013563043024115214,0.0,1658,0.0027608316670733723
299,"KWONG YIN HSE(Block C,KWONG MING COURT),PO HONG RD|廣明苑,C座(廣賢閣),寶康路",寶康路,1998/03,-0.2076041026364166,0.00503040379686473,0.24101229357478204,72,0.0027608316670733723
300,"BAUHINIA GARDEN(Block 7),TONG CHUN ST|寶盈花園7座,唐俊街",唐俊街,2001/01,-0.5307510570348524,0.0004158488922119852,0.6120391061607025,258,0.0027608316670733723
301,"BAUHINIA GARDEN(Block 6),TONG CHUN ST|寶盈花園6座,唐俊街",唐俊街,2001/01,-0.35473497985580815,0.00275803933400307,8.2535721745991e-07,335,0.0027608316670733723
302,"THE PINNACLE(Block 1),WAN HANG RD|疊翠軒1座,運亨路",運亨路,1998/09,-0.123900580643731,0.0017882004082082775,0.0,3124,0.0027608316670733723
303,"WINGS AT SEA II(Block 3B,Phase IVB,LOHAS PARK),1 LOHAS PARK RD|日出康城,IVB期,3B座(晉海II),1 康城路",康城路,2018/12,0.4499467422907759,0.0022681533268694076,0.0,3587,0.0027608316670733723
304,"BEVERLY GARDEN(Phase 1),Block 1,TONG MING ST|富康花園1期,1座,唐明街",唐明街,1998/07,-0.48333211031906065,0.0013781912240968378,0.20536232450670133,180,0.0027608316670733723
305,"WINGS AT SEA(Block 2B,Phase IVA,LOHAS PARK),1 LOHAS PARK RD|日出康城,IVA期,2B座(晉海),1 康城路",康城路,2018/12,-49.816486177215225,0.007023710700660685,0.06119062031066269,3,0.0027608316670733723
306,"YAN MUI HSE(Block C,YAN MING COURT),PO LAM RD N|欣明苑,C座(欣梅閣),寶琳北路",寶琳北路,1990/04,-0.44094483896192305,0.00011107288091218678,0.9488985106474002,92,0.0027608316670733723
307,"THE PINNACLE(Block 2),WAN HANG RD|疊翠軒2座,運亨路",運亨路,1998/09,-0.201407945820131,0.0011123642466420857,1.3192676983964091e-05,2821,0.0027608316670733723
308,"THE WINGS II(Block 3B),TONG CHUN ST|天晉II3B座,唐俊街",唐俊街,2014/03,0.16485689386467994,0.003380414630246066,0.0,1308,0.0027608316670733723
309,"WINGS AT SEA(Block 1A,Phase IVA,LOHAS PARK),1 LOHAS PARK RD|日出康城,IVA期,1A座(晉海),1 康城路",康城路,2018/12,-0.05858494174332529,-0.019644153351788117,0.21780164865913987,7,0.0027608316670733723
310,"FU NING GARDEN(Block 3),PO NING RD|富寧花園3座,寶寧路",寶寧路,1990/04,-0.22068264120375702,0.0031361160082912488,0.01434405808349637,252,0.0027608316670733723
311,"YUNG MING COURT(Block B),CHI SHIN ST|雍明苑B座,至善街",至善街,2020/08,0.5845740078828247,0.0048374946790237855,0.0,152,0.0027608316670733723
312,"VERBENA HEIGHTS(Block 3),MAU TAI RD|茵怡花園3座,貿泰路",貿泰路,1997/08,-0.5816143746904772,0.010821908884670299,1.0868346995707157e-06,285,0.0027608316670733723
313,"YUNG MING COURT(Block A),CHI SHIN ST|雍明苑A座,至善街",至善街,2020/08,0.5733475421738929,0.004593793416616201,0.0,83,0.0027608316670733723
314,"CORINTHIA BY THE SEA(Block 7),TONG YIN ST|帝景灣7座,唐賢街",唐賢街,2016/06,0.3081731228892932,0.005014516792245326,0.0,792,0.0027608316670733723
315,"RESIDENCE OASIS(Block 6),PUI SHING RD|蔚藍灣畔6座,培成路",培成路,2004/12,0.40823055153921994,0.0036008081990139187,0.0,4093,0.0027608316670733723
316,"MONTEREY(Block 2B),TONG CHUN ST|MONTEREY2B座,唐俊街",唐俊街,2018/05,0.38796047877306306,0.012098253317269062,0.0,233,0.0027608316670733723
317,"KING TAO HSE(Block 6,KING LAM EST),PO LAM RD N|景林村,6座(景桃樓),寶琳北路",寶琳北路,1990/10,-0.07084276404654832,-0.003964289797034106,0.5808120670418968,12,0.0027608316670733723
318,"THE WINGS II(Block 2A),TONG CHUN ST|天晉II2A座,唐俊街",唐俊街,2014/03,0.34182124995955765,0.005284366717887183,0.0,1118,0.0027608316670733723
319,"MONTEREY(Block 7A),TONG CHUN ST|MONTEREY7A座,唐俊街",唐俊街,2018/05,0.14672718080338598,0.014927681459404612,0.0,220,0.0027608316670733723
320,"LP6(Block 2,Phase 6,LOHAS PARK),1 LOHAS PARK RD|日出康城,6期,2座(LP6),1 康城路",康城路,2020/09,0.3422836296862831,0.002433176022833116,0.0,4022,0.0027608316670733723
321,"CAPRI(Block 1),TONG YIN ST|CAPRI1座,唐賢街",唐賢街,2017/03,0.3127946145280788,0.010248680583344131,2.0035795245121335e-10,104,0.0027608316670733723
322,"THE CAPITOL MONTREAL (R WING)(Block 3,Phase 1,LOHAS PARK),1 LOHAS PARK RD|日出康城,1期,3座(首都),1 康城路",康城路,2008/12,-0.3704338837752694,0.0007041542535838395,1.9253456584600315e-07,1643,0.0027608316670733723
323,"CHOI PAK HSE(Block D,CHOI MING COURT),CHOI MING ST|彩明苑,D座(彩柏閣),彩明街",彩明街,2001/04,-0.07088468583354812,0.002116528045621209,0.07111804886448425,109,0.0027608316670733723
324,"MONTEREY(Block 9A),TONG CHUN ST|MONTEREY9A座,唐俊街",唐俊街,2018/05,-0.1519483833104287,-0.0003144488623014493,0.8994989943100902,72,0.0027608316670733723
325,"CAPRI(Block 7),TONG YIN ST|CAPRI7座,唐賢街",唐賢街,2017/03,0.13528065410850576,0.003894219225764158,1.4427725680832282e-10,262,0.0027608316670733723
326,"BEVERLY GARDEN(Phase 2),Block 5,TONG MING ST|富康花園2期,5座,唐明街",唐明街,1998/07,-0.04971289764387121,3.5222421837080176e-07,0.9994810558931195,201,0.0027608316670733723
327,"OCEAN WINGS(Block 7B),TONG CHUN ST|海天晉7B座,唐俊街",唐俊街,2017/10,-0.10741576657071894,0.000637155854871081,0.8298412887447661,15,0.0027608316670733723
328,"MALIBU(Block 2B,Phase VA,LOHAS PARK),1 LOHAS PARK RD|日出康城,VA期,2B座(MALIBU),1 康城路",康城路,2019/09,0.5653311457978383,0.0033153412645949842,0.0,1492,0.0027608316670733723
329,"CORINTHIA BY THE SEA(Block 3),TONG YIN ST|帝景灣3座,唐賢街",唐賢街,2016/06,0.046285063016725636,0.005789565912371608,1.3376382224095096e-09,601,0.0027608316670733723
330,"HONG SING GARDEN(Block 4),PO LAM RD N|康盛花園4座,寶琳北路",寶琳北路,1989/01,-0.6706017357635372,0.0005185307340085344,0.6786954070453657,103,0.0027608316670733723
331,"LP6(Block 1,Phase 6,LOHAS PARK),1 LOHAS PARK RD|日出康城,6期,1座(LP6),1 康城路",康城路,2020/09,0.6328890692968703,0.0034219045622903787,0.0,6796,0.0027608316670733723
332,"YUK KING HSE(Block C,KING MING COURT),TSUI LAM RD|景明苑,C座(旭景閣),翠琳路",翠琳路,1988/07,-0.6844854409825682,0.002543909716256585,0.005394958487155099,261,0.0027608316670733723
333,"OCEAN WINGS(Block 1),TONG CHUN ST|海天晉1座,唐俊街",唐俊街,2017/10,0.13028142467921666,0.008568423950397306,0.0,288,0.0027608316670733723
334,"LP6(Block 5,Phase 6,LOHAS PARK),1 LOHAS PARK RD|日出康城,6期,5座(LP6),1 康城路",康城路,2020/09,0.5624288808853979,0.0038267317600001495,0.0,8902,0.0027608316670733723
335,"LP6(Block 3,Phase 6,LOHAS PARK),1 LOHAS PARK RD|日出康城,6期,3座(LP6),1 康城路",康城路,2020/09,0.600190649226314,0.003700670292148478,0.0,8894,0.0027608316670733723
336,"ALTO RESIDENCES(Block 7),TONG YIN ST|ALTO RESIDENCES7座,唐賢街",唐賢街,2018/05,0.40316128882179103,0.012486447364557634,0.0,491,0.0027608316670733723
337,"MING TAT HSE(Block C,YING MING COURT),PO LAM RD N|英明苑,C座(明達閣),寶琳北路",寶琳北路,1989/04,-0.5189581999411426,0.00357678742604545,6.15442361757701e-05,517,0.0027608316670733723
338,"ALTO RESIDENCES(Block 5),TONG YIN ST|ALTO RESIDENCES5座,唐賢街",唐賢街,2018/05,0.5458699539445437,0.01615027940865806,0.0,548,0.0027608316670733723
339,"PO TAK HSE(Block 4,PO LAM EST),PO LAM RD N|寶林村,4座(寶德樓),寶琳北路",寶琳北路,1989/08,-0.5163048046104906,-0.0017872826546662726,0.8627805046373378,4,0.0027608316670733723
340,"SAVANNAH(Block 5A),CHI SHIN ST|SAVANNAH5A座,至善街",至善街,2017/06,0.21676842137602192,0.014480693676984993,2.6645352591003757e-15,248,0.0027608316670733723
341,"ALTO RESIDENCES(Block 6),TONG YIN ST|ALTO RESIDENCES6座,唐賢街",唐賢街,2018/05,0.3558906761441586,0.013400530422139996,0.0,697,0.0027608316670733723
342,"ALTO RESIDENCES(Block 1),TONG YIN ST|ALTO RESIDENCES1座,唐賢街",唐賢街,2018/05,0.13075574801733847,0.016295686156928935,7.764633380702435e-11,78,0.0027608316670733723
343,"MONTEREY(Block 9B),TONG CHUN ST|MONTEREY9B座,唐俊街",唐俊街,2018/05,0.00779767294167566,0.0052621205582061735,0.00020405610270080032,133,0.0027608316670733723
344,"PO TAI HSE(Block 2,PO LAM EST),PO LAM RD N|寶林村,2座(寶泰樓),寶琳北路",寶琳北路,1988/02,0.01094093617704417,-0.014132954381883433,0.07904226543054205,8,0.0027608316670733723
345,"ALTO RESIDENCES(Block 3),TONG YIN ST|ALTO RESIDENCES3座,唐賢街",唐賢街,2018/05,0.3896252599416824,0.014889397185781441,0.0,173,0.0027608316670733723
346,"THE WINGS II(Block 2B),TONG CHUN ST|天晉II2B座,唐俊街",唐俊街,2014/03,0.29198824377764476,0.00391928745865773,0.0,1510,0.0027608316670733723
347,"CAPRI(Block 8),TONG YIN ST|CAPRI8座,唐賢街",唐賢街,2017/03,0.13535022808426267,0.005562159670425024,8.259668258236985e-07,163,0.0027608316670733723
348,"SAVANNAH(Block 1),CHI SHIN ST|SAVANNAH1座,至善街",至善街,2017/06,0.2652190230691206,0.014623028208476958,2.220446049250313e-16,221,0.0027608316670733723
349,"VERBENA HEIGHTS(Block 2),MAU TAI RD|茵怡花園2座,貿泰路",貿泰路,1997/08,0.172062666199018,-0.034170422442778674,0.016008835351301043,23,0.0027608316670733723
350,"YAN CHUK HSE(Block B,YAN MING COURT),PO LAM RD N|欣明苑,B座(欣竹閣),寶琳北路",寶琳北路,1990/04,-0.46994905039050683,0.00277998284964214,0.0016642352256439619,327,0.0027608316670733723
351,"THE WINGS IIIA(Block 5B),TONG YIN ST|天晉 IIIA5B座,唐賢街",唐賢街,2016/06,0.2743140886970392,0.003589994046213026,0.0,1406,0.0027608316670733723
352,"FU NING GARDEN(Block 2),PO NING RD|富寧花園2座,寶寧路",寶寧路,1990/04,-0.3131660571424262,0.0041973740811584335,0.0012054199679605304,267,0.0027608316670733723
353,"THE WINGS IIIA(Block 2B),TONG YIN ST|天晉 IIIA2B座,唐賢街",唐賢街,2016/06,0.1640983709295485,0.003556247110729147,0.0,2367,0.0027608316670733723
354,"BEVERLY GARDEN(Phase 1),Block 2,TONG MING ST|富康花園1期,2座,唐明街",唐明街,1998/07,0.023980363470229138,0.0022714107242784746,0.04347460374762768,113,0.0027608316670733723
355,"PO CHI HSE(Block 5,PO LAM EST),PO LAM RD N|寶林村,5座(寶智樓),寶琳北路",寶琳北路,1989/07,-0.4137896097170053,0.0073047493421730825,0.29921892809431627,5,0.0027608316670733723
356,"KWONG LUNG HSE(Block B,KWONG MING COURT),PO HONG RD|廣明苑,B座(廣隆閣),寶康路",寶康路,1998/04,-0.011293061035579033,-0.005237944928901041,0.3347555989112876,76,0.0027608316670733723
357,"TSUI MING HSE(Block D,CHUNG MING COURT),PO SHUN RD|頌明苑,D座(翠明閣),寶順路",寶順路,1993/08,0.06058681786615627,0.008099285312040605,0.08395221234461059,25,0.0027608316670733723
358,"KOON MING HSE(Block E,CHUNG MING COURT),PO SHUN RD|頌明苑,E座(冠明閣),寶順路",寶順路,1993/08,-0.06498813463476005,-0.0008323377446125252,0.5536903906960746,102,0.0027608316670733723
359,"WO CHEONG HSE(Block C,Phase 2,WO MING COURT),8 NGAN O RD|和明苑,2期,C座(和暢閣),8 銀澳路",銀澳路,1999/06,-1.2755980127303013,-0.0014776141791748916,0.5976432708081096,43,0.0027608316670733723
360,"ALTO RESIDENCES(Block 2),TONG YIN ST|ALTO RESIDENCES2座,唐賢街",唐賢街,2018/05,0.23632145233625912,0.015523308349707212,1.13464793116691e-13,115,0.0027608316670733723
361,"HEI MING HSE(Block C,YUK MING COURT),NGAN O RD|煜明苑,C座(熹明閣),銀澳路",銀澳路,1996/04,-0.14199656935121485,-0.005502827173235756,0.09023710608510327,196,0.0027608316670733723
362,"CORINTHIA BY THE SEA(Block 1),TONG YIN ST|帝景灣1座,唐賢街",唐賢街,2016/06,0.36006188149365126,0.00944433975483993,1.6053796292325728e-08,70,0.0027608316670733723
363,"YIN MING HSE(Block C,CHUNG MING COURT),PO SHUN RD|頌明苑,C座(賢明閣),寶順路",寶順路,1993/08,0.1068841452034548,-0.005108865147323996,0.053520665862737626,16,0.0027608316670733723
364,"HEI KING HSE(Block A,KING MING COURT),TSUI LAM RD|景明苑,A座(曦景閣),翠琳路",翠琳路,1988/07,-0.8590134717000488,0.0014190674374034,0.1330148057904854,315,0.0027608316670733723
365,"CAPRI(Block 6),TONG YIN ST|CAPRI6座,唐賢街",唐賢街,2017/03,0.1676318336158522,0.010506544982357634,2.3456445674696624e-09,126,0.0027608316670733723
366,"FU NING GARDEN(Block 4),PO NING RD|富寧花園4座,寶寧路",寶寧路,1990/04,-0.7312131612939963,0.001844243843671458,0.1859693387271335,155,0.0027608316670733723
367,"FAI KING HSE(Block B,KING MING COURT),TSUI LAM RD|景明苑,B座(暉景閣),翠琳路",翠琳路,1988/07,-1.19222064501899,-0.0007220336635437849,0.6571560204343614,95,0.0027608316670733723
368,"OCEAN WINGS(Block 2),TONG CHUN ST|海天晉2座,唐俊街",唐俊街,2017/10,0.21295877527432283,0.007176060873379003,0.0,378,0.0027608316670733723
369,"GRAND MONTARA(Block 1A,Phase VIIB,LOHAS PARK),1 LOHAS PARK RD|日出康城,VIIB期,1A座(GRAND MONTARA),1 康城路",康城路,2021/12,0.49212592927684207,0.0020929312379627724,0.0,2328,0.0027608316670733723
370,"ALTO RESIDENCES(Block 8),TONG YIN ST|ALTO RESIDENCES8座,唐賢街",唐賢街,2018/05,0.4386026744616144,0.017822155384120436,0.0,205,0.0027608316670733723
371,"CAPRI(Block 3),TONG YIN ST|CAPRI3座,唐賢街",唐賢街,2017/03,0.14594336506410055,0.015245892335329105,2.6251892304429703e-06,98,0.0027608316670733723
372,"FAI LAM HSE(Block 6,TSUI LAM EST),TSUI LAM RD|翠林村,6座(輝林樓),翠琳路",翠琳路,1988/04,-12.598160791862403,-0.05925780367328598,0.2412675034004974,3,0.0027608316670733723
373,"MONTEREY(Block 8),TONG CHUN ST|MONTEREY8座,唐俊街",唐俊街,2018/05,-0.07652596639414289,0.007747072905439264,9.46428160530921e-06,84,0.0027608316670733723
374,"CAPRI(Block 10A),TONG YIN ST|CAPRI10A座,唐賢街",唐賢街,2017/03,0.2599825061479826,0.0172282627583605,0.0,162,0.0027608316670733723
375,"KING NAM HSE(Block 4,KING LAM EST),PO LAM RD N|景林村,4座(景楠樓),寶琳北路",寶琳北路,1990/03,-0.1439467826570433,0.0063774268981701705,0.5069675541441554,7,0.0027608316670733723
376,"KING CHUNG HSE(Block 1,KING LAM EST),PO LAM RD N|景林村,1座(景松樓),寶琳北路",寶琳北路,1990/08,0.26117461976072687,0.02683052926215561,0.01246443030134925,4,0.0027608316670733723
377,"MOUNT VERDANT,CHUI LING RD|翠嶺峰,翠嶺路",翠嶺路,2021/03/31,0.9479333595814385,0.003785192858075071,0.0,5164,0.0027608316670733723
378,"WINGS AT SEA II(Block 5A,Phase IV,LOHAS PARK),1 LOHAS PARK RD|日出康城,IV期,5A座(晉海II),1 康城路",康城路,2019/12/31,0.6709583633075875,0.004408419101047956,0.0,2970,0.0027608316670733723
379,"WINGS AT SEA II(Block 5B,Phase IV,LOHAS PARK),1 LOHAS PARK RD|日出康城,IV期,5B座(晉海II),1 康城路",康城路,2019/12/31,0.61191281386436,0.0039020683758008642,0.0,3225,0.0027608316670733723
380,"WINGS AT SEA(Block 1A,Phase IV,LOHAS PARK),1 LOHAS PARK RD|日出康城,IV期,1A座(晉海),1 康城路",康城路,2019/10/31,0.6601758732829388,0.004593508640243329,0.0,3423,0.0027608316670733723
381,"WINGS AT SEA(Block 1B,Phase IV,LOHAS PARK),1 LOHAS PARK RD|日出康城,IV期,1B座(晉海),1 康城路",康城路,2019/10/,0.3914686491138608,0.004656253839248362,0.0,2424,0.0027608316670733723
382,"WINGS AT SEA(Block 2B,Phase IV,LOHAS PARK),1 LOHAS PARK RD|日出康城,IV期,2B座(晉海),1 康城路",康城路,2019/10/,0.6253625801552729,0.004922448967773502,0.0,2703,0.0027608316670733723
383,"WINGS AT SEA(Block 2A,Phase IV,LOHAS PARK),1 LOHAS PARK RD|日出康城,IV期,2A座(晉海),1 康城路",康城路,2019/10/,0.6301111585258597,0.005199382076608517,0.0,2679,0.0027608316670733723
