,lumpSum_avg,npsf_avg,unit_count,lumpSum_total,npsf_total,nfa_total,final_address,lumpSum_11,npsf_11,nfa_11,lumpSum_12,npsf_12,nfa_12,lumpSum_13,npsf_13,nfa_13,lumpSum_14,npsf_14,nfa_14,lumpSum_16,npsf_16,nfa_16,lumpSum_17,npsf_17,nfa_17,lumpSum_18,npsf_18,nfa_18,lumpSum_2,npsf_2,nfa_2,lumpSum_20,npsf_20,nfa_20,lumpSum_21,npsf_21,nfa_21,lumpSum_22,npsf_22,nfa_22,lumpSum_220,npsf_220,nfa_220,lumpSum_222,npsf_222,nfa_222,lumpSum_225,npsf_225,nfa_225,lumpSum_23,npsf_23,nfa_23,lumpSum_24,npsf_24,nfa_24,lumpSum_26,npsf_26,nfa_26,lumpSum_27,npsf_27,nfa_27,lumpSum_28,npsf_28,nfa_28,lumpSum_29,npsf_29,nfa_29,lumpSum_2931,npsf_2931,nfa_2931,lumpSum_3,npsf_3,nfa_3,lumpSum_30,npsf_30,nfa_30,lumpSum_31,npsf_31,nfa_31,lumpSum_32,npsf_32,nfa_32,lumpSum_322,npsf_322,nfa_322,lumpSum_332,npsf_332,nfa_332,lumpSum_4,npsf_4,nfa_4,lumpSum_412,npsf_412,nfa_412,lumpSum_422,npsf_422,nfa_422,lumpSum_5,npsf_5,nfa_5,lumpSum_518,npsf_518,nfa_518,lumpSum_6,npsf_6,nfa_6,lumpSum_8,npsf_8,nfa_8,lumpSum_9,npsf_9,nfa_9,lumpSum_change,npsf_change
2019-12-15,6596851.905775276,10269.028571428571,35,230889816.70213467,359416.0,22020,"DISCOVERY BAY PLAZA(Block C,DISCOVERY BAY),PLAZA LANE|愉景灣,C座(愉景廣場),廣場徑",6772360.0,10184.0,665.0,15137243.0,11891.0,1273.0,6737780.0,10132.0,665.0,6538320.0,10090.0,648.0,6572873.0,10159.0,647.0,6678595.0,10043.0,665.0,4868589.0,10293.0,473.0,5111756.0,10244.0,499.0,4811968.0,10304.0,467.0,6678595.0,10043.0,665.0,4840060.0,10298.0,470.0,4811968.0,10304.0,467.0,4840060.0,10298.0,470.0,6678595.0,10043.0,665.0,6423235.000000001,9659.0,665.0,4924190.0,10477.0,470.0,4840060.0,10298.0,470.0,6647340.0,9996.0,665.0,4840060.0,10298.0,470.0,7296828.0,9834.0,742.0,20040406.702134665,11448.0,1491.0,6678595.0,10043.0,665.0,6446440.000000001,10120.0,637.0,7378399.0,9851.0,749.0,6662487.0,10049.0,663.0,4840060.0,10298.0,470.0,6662487.0,10049.0,663.0,4736421.0,10319.0,459.0,4811968.0,10304.0,467.0,4840060.0,10298.0,470.0,7342930.0,11042.0,665.0,4868589.0,10293.0,473.0,6346859.999999999,10270.0,618.0,6505043.999999999,10101.0,644.0,6678595.0,10043.0,665.0,-0.04141807652770657,-0.041245418509488374
2019-11-15,6881886.403490009,10710.8,35,240866024.1221503,374878.0,22020,"DISCOVERY BAY PLAZA(Block C,DISCOVERY BAY),PLAZA LANE|愉景灣,C座(愉景廣場),廣場徑",7048335.0,10599.0,665.0,15744464.0,12368.0,1273.0,7009765.000000001,10541.0,665.0,6802704.000000001,10498.0,648.0,6840084.0,10572.0,647.0,6949250.0,10450.0,665.0,5112184.0,10808.0,473.0,5355767.0,10733.0,499.0,5055742.0,10826.0,467.0,6821570.000000001,10258.0,665.0,5083990.0,10817.0,470.0,5055742.0,10826.0,467.0,5083990.0,10817.0,470.0,6949250.0,10450.0,665.0,6684580.0,10052.0,665.0,5240030.0,11149.0,470.0,5083990.0,10817.0,470.0,6916665.0,10401.0,665.0,5083990.0,10817.0,470.0,7591401.999999999,10231.0,742.0,20873619.12215029,11451.0,1491.0,6949250.0,10450.0,665.0,6707609.999999999,10530.0,637.0,7677250.0,10250.0,749.0,6932328.0,10456.0,663.0,5083990.0,10817.0,470.0,6932328.0,10456.0,663.0,4977855.0,10845.0,459.0,5055742.0,10826.0,467.0,5083990.0,10817.0,470.0,7643510.0,11494.0,665.0,5112184.0,10808.0,473.0,6605184.0,10688.0,618.0,6768439.999999999,10510.0,644.0,6949250.0,10450.0,665.0,0.06808148228399125,0.067505381978062
2019-10-15,6443222.279983494,10033.485714285714,35,225512779.7994223,351172.0,22020,"DISCOVERY BAY PLAZA(Block C,DISCOVERY BAY),PLAZA LANE|愉景灣,C座(愉景廣場),廣場徑",6598795.0,9923.0,665.0,14731156.0,11572.0,1273.0,6560890.0,9866.0,665.0,6367248.0,9826.0,648.0,6402712.0,9896.0,647.0,6504364.999999999,9781.0,665.0,4784395.0,10115.0,473.0,5012455.0,10045.0,499.0,4779278.0,10234.0,467.0,6382670.0,9598.0,665.0,4758280.0,10124.0,470.0,4731644.0,10132.0,467.0,4758280.0,10124.0,470.0,6504364.999999999,9781.0,665.0,6258315.0,9411.0,665.0,4906800.0,10440.0,470.0,4758280.0,10124.0,470.0,6474440.0,9736.0,665.0,4758280.0,10124.0,470.0,7105392.000000001,9576.0,742.0,19557266.7994223,10908.0,1491.0,6504364.999999999,9781.0,665.0,6278272.0,9856.0,637.0,7186655.0,9595.0,749.0,6488118.0,9786.0,663.0,4758280.0,10124.0,470.0,6488118.0,9786.0,663.0,4658850.0,10150.0,459.0,4731644.0,10132.0,467.0,4758280.0,10124.0,470.0,7157395.0,10763.0,665.0,4784395.0,10115.0,473.0,6183708.000000001,10006.0,618.0,6335028.0,9837.0,644.0,6504364.999999999,9781.0,665.0,-0.05144256644432754,-0.049265098045585765
2019-9-15,6792653.825747844,10553.4,35,237742883.90117455,369369.0,22020,"DISCOVERY BAY PLAZA(Block C,DISCOVERY BAY),PLAZA LANE|愉景灣,C座(愉景廣場),廣場徑",6957230.0,10462.0,665.0,15524234.999999998,12195.0,1273.0,6915335.0,10399.0,665.0,6711984.0,10358.0,648.0,6750151.0,10433.0,647.0,6856150.0,10310.0,665.0,5043126.0,10662.0,473.0,5283412.0,10588.0,499.0,5038930.0,10790.0,467.0,6726475.000000001,10115.0,665.0,5015370.0,10671.0,470.0,4987560.0,10680.0,467.0,5015370.0,10671.0,470.0,6856150.0,10310.0,665.0,6598795.0,9923.0,665.0,5174230.0,11009.0,470.0,5015370.0,10671.0,470.0,6825560.0,10264.0,665.0,5015370.0,10671.0,470.0,7490489.999999999,10095.0,742.0,20637484.901174538,10682.0,1491.0,6856150.0,10310.0,665.0,6617793.0,10389.0,637.0,7576135.0,10115.0,749.0,6839508.0,10316.0,663.0,5015370.0,10671.0,470.0,6839508.0,10316.0,663.0,4910841.0,10699.0,459.0,4987560.0,10680.0,467.0,5015370.0,10671.0,470.0,7548414.999999999,11351.0,665.0,5043126.0,10662.0,473.0,6519899.999999999,10550.0,618.0,6678280.000000001,10370.0,644.0,6856150.0,10310.0,665.0,-0.05606282891409298,-0.05469365818702976
2019-8-15,7196086.809393853,11164.0,35,251863038.32878485,390740.0,22020,"DISCOVERY BAY PLAZA(Block C,DISCOVERY BAY),PLAZA LANE|愉景灣,C座(愉景廣場),廣場徑",7360220.0,11068.0,665.0,16414062.000000002,12894.0,1273.0,7313670.000000001,10998.0,665.0,7099488.0,10956.0,648.0,7140939.0,11037.0,647.0,7251825.0,10905.0,665.0,5333547.999999999,11276.0,473.0,5587802.0,11198.0,499.0,5329871.0,11413.0,467.0,7112175.0,10695.0,665.0,5303949.999999999,11285.0,470.0,5274764.999999999,11295.0,467.0,5303949.999999999,11285.0,470.0,7251825.0,10905.0,665.0,6980505.0,10497.0,665.0,5474559.999999999,11648.0,470.0,5303949.999999999,11285.0,470.0,7219905.0,10857.0,665.0,5303949.999999999,11285.0,470.0,7922334.0,10677.0,742.0,21849341.32878486,10781.0,1491.0,7251825.0,10905.0,665.0,6999355.999999999,10988.0,637.0,8013551.0,10699.0,749.0,7621185.0,11495.0,663.0,5303949.999999999,11285.0,470.0,7233992.999999999,10911.0,663.0,5193585.0,11315.0,459.0,5274764.999999999,11295.0,467.0,5303949.999999999,11285.0,470.0,7987980.0,12012.0,665.0,5333547.999999999,11276.0,473.0,6897498.0,11161.0,618.0,7063392.0,10968.0,644.0,7251825.0,10905.0,665.0,0.029945359855405806,0.029040354162222393
2019-7-15,6986862.691826791,10848.942857142858,35,244540194.21393767,379713.0,22020,"DISCOVERY BAY PLAZA(Block C,DISCOVERY BAY),PLAZA LANE|愉景灣,C座(愉景廣場),廣場徑",7233870.000000001,10878.0,665.0,15839939.0,12443.0,1273.0,7059640.0,10616.0,665.0,6853248.000000001,10576.0,648.0,7020596.999999999,10851.0,647.0,7000455.0,10527.0,665.0,5226177.0,11049.0,473.0,5477523.0,10977.0,499.0,5134198.0,10994.0,467.0,7000455.0,10527.0,665.0,5196790.0,11057.0,470.0,5167822.0,11066.0,467.0,5196790.0,11057.0,470.0,7000455.0,10527.0,665.0,6740440.0,10136.0,665.0,5275280.0,11224.0,470.0,5196790.0,11057.0,470.0,6969865.0,10481.0,665.0,5196790.0,11057.0,470.0,7647052.0,10306.0,742.0,21113466.21393767,10303.0,1491.0,7000455.0,10527.0,665.0,6756659.0,10607.0,637.0,7874237.0,10513.0,749.0,7363278.0,11106.0,663.0,5196790.0,11057.0,470.0,6983379.0,10533.0,663.0,5088015.0,11085.0,459.0,5167822.0,11066.0,467.0,5196790.0,11057.0,470.0,7714665.0,11601.0,665.0,5226177.0,11049.0,473.0,6605802.0,10689.0,618.0,6818028.0,10587.0,644.0,7000455.0,10527.0,665.0,-0.018401056413951733,-0.017064236807703637
2019-6-15,7117838.43847863,11037.285714285714,35,249124345.34675205,386305.0,22020,"DISCOVERY BAY PLAZA(Block C,DISCOVERY BAY),PLAZA LANE|愉景灣,C座(愉景廣場),廣場徑",7389480.0,11112.0,665.0,16177284.0,12708.0,1273.0,7155400.0,10760.0,665.0,6939431.999999999,10709.0,648.0,7171348.0,11084.0,647.0,7088235.0,10659.0,665.0,5337805.0,11285.0,473.0,5594788.0,11212.0,499.0,5212654.0,11162.0,467.0,7149415.0,10751.0,665.0,5307710.0,11293.0,470.0,5278034.0,11302.0,467.0,5307710.0,11293.0,470.0,7088235.0,10659.0,665.0,6887405.0,10357.0,665.0,5357530.0,11399.0,470.0,5344839.999999999,11372.0,470.0,7120820.000000001,10708.0,665.0,5307710.0,11293.0,470.0,7743512.0,10436.0,742.0,21591001.34675206,10026.0,1491.0,7088235.0,10659.0,665.0,6842017.000000001,10741.0,637.0,8043511.000000001,10739.0,749.0,7527702.0,11354.0,663.0,5307710.0,11293.0,470.0,7070895.0,10665.0,663.0,5196339.0,11321.0,459.0,5278034.0,11302.0,467.0,5307710.0,11293.0,470.0,7884240.0,11856.0,665.0,5337805.0,11285.0,473.0,6697884.0,10838.0,618.0,6903680.0,10720.0,644.0,7088235.0,10659.0,665.0,-0.003150837031963283,-0.004991719103757175
2019-5-15,7140336.475064943,11092.657142857142,35,249911776.627273,388243.0,22020,"DISCOVERY BAY PLAZA(Block C,DISCOVERY BAY),PLAZA LANE|愉景灣,C座(愉景廣場),廣場徑",7388815.0,11111.0,665.0,16168373.0,12701.0,1273.0,7151410.0,10754.0,665.0,6935544.0,10703.0,648.0,7170053.999999999,11082.0,647.0,7084909.999999999,10654.0,665.0,5335440.0,11280.0,473.0,6142191.0,12309.0,499.0,5212654.0,11162.0,467.0,7146090.0,10746.0,665.0,5305830.0,11289.0,470.0,5276166.0,11298.0,467.0,5305830.0,11289.0,470.0,7084909.999999999,10654.0,665.0,6887405.000000001,10357.0,665.0,5357530.0,11399.0,470.0,5345310.0,11373.0,470.0,7120154.999999999,10707.0,665.0,5591120.0,11896.0,470.0,7739060.0,10430.0,742.0,21609987.627272986,10362.0,1491.0,7084909.999999999,10654.0,665.0,6838195.000000001,10735.0,637.0,8041264.0,10736.0,749.0,7532342.999999999,11361.0,663.0,5305830.0,11289.0,470.0,7067580.0,10660.0,663.0,5194044.0,11316.0,459.0,5276166.0,11298.0,467.0,5305830.0,11289.0,470.0,7886899.999999999,11860.0,665.0,5335440.0,11280.0,473.0,6699120.0,10840.0,618.0,6900460.0,10715.0,644.0,7084909.999999999,10654.0,665.0,0.04238009107658325,0.042960260684323126
2019-4-15,6850031.515558124,10635.742857142857,35,239751103.04453433,372251.0,22020,"DISCOVERY BAY PLAZA(Block C,DISCOVERY BAY),PLAZA LANE|愉景灣,C座(愉景廣場),廣場徑",6935285.0,10429.0,665.0,15679541.000000002,12317.0,1273.0,6933955.0,10427.0,665.0,6725592.000000001,10379.0,648.0,6724271.0,10393.0,647.0,6870115.000000001,10331.0,665.0,5034139.0,10643.0,473.0,5961054.0,11946.0,499.0,5057610.0,10830.0,467.0,6681920.0,10048.0,665.0,5006440.0,10652.0,470.0,4979154.0,10662.0,467.0,5006440.0,10652.0,470.0,6870115.000000001,10331.0,665.0,6682585.0,10049.0,665.0,5180810.0,11023.0,470.0,5186450.0,11035.0,470.0,6676600.0,10040.0,665.0,5428030.0,11549.0,470.0,7504588.0,10114.0,742.0,20981526.04453434,10514.0,1491.0,6870115.000000001,10331.0,665.0,6417138.000000001,10074.0,637.0,7547673.0,10077.0,749.0,7312890.0,11030.0,663.0,5006440.0,10652.0,470.0,6853431.000000001,10337.0,663.0,4902579.0,10681.0,459.0,4979154.0,10662.0,467.0,5006440.0,10652.0,470.0,7653485.000000001,11509.0,665.0,5034139.0,10643.0,473.0,6500123.999999999,10518.0,618.0,6691160.0,10390.0,644.0,6870115.000000001,10331.0,665.0,0.05175506028631971,0.03803853768718102
2019-3-15,6512953.228571429,10246.0,35,227953363.0,358610.0,22020,"DISCOVERY BAY PLAZA(Block C,DISCOVERY BAY),PLAZA LANE|愉景灣,C座(愉景廣場),廣場徑",6644015.0,9991.0,665.0,15342195.999999998,12052.0,1273.0,6638030.0,9982.0,665.0,6235056.0,9622.0,648.0,6442179.0,9957.0,647.0,6578180.0,9892.0,665.0,4822235.0,10195.0,473.0,5050878.0,10122.0,499.0,4805897.0,10291.0,467.0,6401290.0,9626.0,665.0,4795880.0,10204.0,470.0,4769471.0,10213.0,467.0,4795880.0,10204.0,470.0,6578180.0,9892.0,665.0,6401955.0,9627.0,665.0,4962730.0,10559.0,470.0,4968370.0,10571.0,470.0,6396635.0,9619.0,665.0,5294550.0,11265.0,470.0,7128394.000000001,9607.0,742.0,18454107.0,12377.0,1491.0,6578180.0,9892.0,665.0,6147049.999999999,9650.0,637.0,7230846.0,9654.0,749.0,7188909.0,10843.0,663.0,4795880.0,10204.0,470.0,6561711.000000001,9897.0,663.0,5214699.0,11361.0,459.0,4769471.0,10213.0,467.0,4795880.0,10204.0,470.0,7333619.999999999,11028.0,665.0,4822235.0,10195.0,473.0,6227586.000000001,10077.0,618.0,6203008.0,9632.0,644.0,6578180.0,9892.0,665.0,0.023947489818644252,0.02107873704111829
2019-2-15,6360632.057142857,10034.485714285714,35,222622122.0,351207.0,22020,"DISCOVERY BAY PLAZA(Block C,DISCOVERY BAY),PLAZA LANE|愉景灣,C座(愉景廣場),廣場徑",6455155.0,9707.0,665.0,14639500.0,11500.0,1273.0,6445845.0,9693.0,665.0,6057504.0,9348.0,648.0,6259078.0,9674.0,647.0,6395305.0,9617.0,665.0,4833587.0,10219.0,473.0,4907166.0,9834.0,499.0,4810567.0,10301.0,467.0,6219745.0,9353.0,665.0,4807630.0,10229.0,470.0,4781146.0,10238.0,467.0,4807630.0,10229.0,470.0,6395305.0,9617.0,665.0,6219745.0,9353.0,665.0,4821730.0,10259.0,470.0,4869670.0,10361.0,470.0,6215090.000000001,9346.0,665.0,5162950.0,10985.0,470.0,6926570.0,9335.0,742.0,17929275.0,12025.0,1491.0,6395305.0,9617.0,665.0,5972512.0,9376.0,637.0,7025620.0,9380.0,749.0,6985368.0,10536.0,663.0,4807630.0,10229.0,470.0,6379386.0,9622.0,663.0,5074245.0,11055.0,459.0,4781146.0,10238.0,467.0,4807630.0,10229.0,470.0,7126805.000000001,10717.0,665.0,4833587.0,10219.0,473.0,6050838.0,9791.0,618.0,6026552.0,9358.0,644.0,6395305.0,9617.0,665.0,0.007431786302214194,0.006375686998183472
2019-1-15,6313709.914285715,9970.914285714285,35,220979847.0,348982.0,22020,"DISCOVERY BAY PLAZA(Block C,DISCOVERY BAY),PLAZA LANE|愉景灣,C座(愉景廣場),廣場徑",6383335.0,9599.0,665.0,14477829.0,11373.0,1273.0,6370035.000000001,9579.0,665.0,5990112.0,9244.0,648.0,6189849.0,9567.0,647.0,6324150.0,9510.0,665.0,4779665.0,10105.0,473.0,5607263.0,11237.0,499.0,4756862.0,10186.0,467.0,6149919.999999999,9248.0,665.0,4754050.0,10115.0,470.0,4727441.0,10123.0,467.0,4754050.0,10115.0,470.0,6324150.0,9510.0,665.0,6150585.0,9249.0,665.0,4767680.0,10144.0,470.0,4898340.0,10422.0,470.0,6145930.0,9242.0,665.0,5105610.0,10863.0,470.0,6849401.999999999,9231.0,742.0,17729481.0,11891.0,1491.0,6324150.0,9510.0,665.0,5906264.0,9272.0,637.0,6946975.000000001,9275.0,749.0,6908460.0,10420.0,663.0,4754050.0,10115.0,470.0,6308444.999999999,9515.0,663.0,5017788.0,10932.0,459.0,4727441.0,10123.0,467.0,4754050.0,10115.0,470.0,7049000.0,10600.0,665.0,4779665.0,10105.0,473.0,5984094.000000001,9683.0,618.0,5959576.0,9254.0,644.0,6324150.0,9510.0,665.0,-0.04451411537446848,-0.04123717004769334
2018-12-15,6607852.628571428,10399.771428571428,35,231274842.0,363992.0,22020,"DISCOVERY BAY PLAZA(Block C,DISCOVERY BAY),PLAZA LANE|愉景灣,C座(愉景廣場),廣場徑",6642684.999999999,9989.0,665.0,15065955.0,11835.0,1273.0,6624730.0,9962.0,665.0,6233760.000000001,9620.0,648.0,6441532.0,9956.0,647.0,6580840.0,9896.0,665.0,4973595.0,10515.0,473.0,5835805.0,11695.0,499.0,4949733.0,10599.0,467.0,6399960.0,9624.0,665.0,4946750.0,10525.0,470.0,4919378.0,10534.0,467.0,4946750.0,10525.0,470.0,6580840.0,9896.0,665.0,6400624.999999999,9625.0,665.0,4960850.0,10555.0,470.0,5097620.0,10846.0,470.0,6395304.999999999,9617.0,665.0,5312880.0,11304.0,470.0,7127652.000000001,9606.0,742.0,19830300.0,13300.0,1491.0,6580840.0,9896.0,665.0,6145776.000000001,9648.0,637.0,7229348.0,9652.0,749.0,7189572.0,10844.0,663.0,4946750.0,10525.0,470.0,6565026.000000001,9902.0,663.0,5238567.0,11413.0,459.0,4919378.0,10534.0,467.0,4946750.0,10525.0,470.0,7336945.000000001,11033.0,665.0,4973595.0,10515.0,473.0,6152190.0,9955.0,618.0,6201720.000000001,9630.0,644.0,6580840.0,9896.0,665.0,-0.007512812362838295,-0.007520109066121439
2018-11-15,6657871.971428571,10478.57142857143,35,233025519.0,366750.0,22020,"DISCOVERY BAY PLAZA(Block C,DISCOVERY BAY),PLAZA LANE|愉景灣,C座(愉景廣場),廣場徑",6695220.0,10068.0,665.0,15184343.999999998,11928.0,1273.0,6671945.0,10033.0,665.0,6282360.0,9695.0,648.0,6491998.0,10034.0,647.0,6632710.0,9974.0,665.0,5012381.0,10597.0,473.0,5881712.999999999,11787.0,499.0,4988027.0,10681.0,467.0,6449835.0,9699.0,665.0,4985290.0,10607.0,470.0,4957672.0,10616.0,467.0,4985290.0,10607.0,470.0,6632710.0,9974.0,665.0,6450500.0,9700.0,665.0,4999390.0,10637.0,470.0,5137100.0,10930.0,470.0,6445180.0,9692.0,665.0,5354710.0,11393.0,470.0,7183302.000000001,9681.0,742.0,19985364.0,13404.0,1491.0,6632710.0,9974.0,665.0,6193551.0,9723.0,637.0,7286272.0,9728.0,749.0,7218081.0,10887.0,663.0,4985290.0,10607.0,470.0,6616077.0,9979.0,663.0,5279877.0,11503.0,459.0,4957672.0,10616.0,467.0,4985290.0,10607.0,470.0,7367535.0,11079.0,665.0,5012381.0,10597.0,473.0,6201012.0,10034.0,618.0,6250020.0,9705.0,644.0,6632710.0,9974.0,665.0,-0.06232455745248078,-0.06304129005227033
2018-10-15,7100401.342857143,11183.6,35,248514047.0,391426.0,22020,"DISCOVERY BAY PLAZA(Block C,DISCOVERY BAY),PLAZA LANE|愉景灣,C座(愉景廣場),廣場徑",7092889.999999999,10666.0,665.0,16088174.0,12638.0,1273.0,7064294.999999999,10623.0,665.0,6654311.999999999,10269.0,648.0,6877610.0,10630.0,647.0,7027055.0,10567.0,665.0,5392200.0,11400.0,473.0,6229017.0,12483.0,499.0,5310257.0,11371.0,467.0,6832210.0,10274.0,665.0,5362700.0,11410.0,470.0,5332206.0,11418.0,467.0,5362700.0,11410.0,470.0,7027055.0,10567.0,665.0,6833540.0,10276.0,665.0,5422860.0,11538.0,470.0,5469860.0,11638.0,470.0,6827555.0,10267.0,665.0,5670549.999999999,12065.0,470.0,8282946.000000001,11163.0,742.0,21161763.0,14193.0,1491.0,7027055.0,10567.0,665.0,6560463.0,10299.0,637.0,7719194.0,10306.0,749.0,7644390.000000001,11530.0,663.0,5362700.0,11410.0,470.0,7009899.0,10573.0,663.0,5553441.0,12099.0,459.0,5332206.0,11418.0,467.0,5362700.0,11410.0,470.0,7802444.999999999,11733.0,665.0,5392200.0,11400.0,473.0,6778224.0,10968.0,618.0,6620320.0,10280.0,644.0,7027055.0,10567.0,665.0,0.03998798536524584,0.040011478158286984
2018-9-15,6827387.857142857,10753.342857142858,35,238958575.0,376367.0,22020,"DISCOVERY BAY PLAZA(Block C,DISCOVERY BAY),PLAZA LANE|愉景灣,C座(愉景廣場),廣場徑",6822235.0,10259.0,665.0,15474587.999999998,12156.0,1273.0,6789649.999999999,10210.0,665.0,6399000.0,9875.0,648.0,6614928.000000001,10224.0,647.0,6758395.000000001,10163.0,665.0,5184080.0,10960.0,473.0,5988998.0,12002.0,499.0,5105244.0,10932.0,467.0,6569534.999999999,9879.0,665.0,5155430.0,10969.0,470.0,5126259.0,10977.0,467.0,5155430.0,10969.0,470.0,6758395.000000001,10163.0,665.0,6571530.0,9882.0,665.0,5213240.0,11092.0,470.0,5258360.0,11188.0,470.0,6565545.0,9873.0,665.0,5452000.0,11600.0,470.0,7963886.000000001,10733.0,742.0,20344695.0,13645.0,1491.0,6758395.000000001,10163.0,665.0,6308847.999999999,9904.0,637.0,7424088.0,9912.0,749.0,7350018.0,11086.0,663.0,5155430.0,10969.0,470.0,6742047.0,10169.0,663.0,5339547.0,11633.0,459.0,5126259.0,10977.0,467.0,5155430.0,10969.0,470.0,7501865.0,11281.0,665.0,5184080.0,10960.0,473.0,6516810.0,10545.0,618.0,6365940.0,9885.0,644.0,6758395.000000001,10163.0,665.0,-0.03478612607619147,-0.03498362866688365
2018-8-15,7073445.628571428,11143.171428571428,35,247570597.0,390011.0,22020,"DISCOVERY BAY PLAZA(Block C,DISCOVERY BAY),PLAZA LANE|愉景灣,C座(愉景廣場),廣場徑",7213920.0,10848.0,665.0,16015613.0,12581.0,1273.0,7022400.0,10560.0,665.0,6620616.0,10217.0,648.0,6845907.0,10581.0,647.0,6994470.0,10518.0,665.0,5395511.0,11407.0,473.0,6196083.0,12417.0,499.0,5280836.0,11308.0,467.0,6797630.0,10222.0,665.0,5365990.0,11417.0,470.0,5294846.0,11338.0,467.0,5365990.0,11417.0,470.0,6994470.0,10518.0,665.0,6800290.0,10226.0,665.0,5392780.0,11474.0,470.0,5439780.0,11574.0,470.0,6793640.0,10216.0,665.0,5640000.0,12000.0,470.0,8239168.0,11104.0,742.0,21045465.0,14115.0,1491.0,6994470.0,10518.0,665.0,6527976.0,10248.0,637.0,7682493.0,10257.0,749.0,7603284.0,11468.0,663.0,5365990.0,11417.0,470.0,6977411.999999999,10524.0,663.0,5523606.0,12034.0,459.0,5294846.0,11338.0,467.0,5365990.0,11417.0,470.0,7760550.0,11670.0,665.0,5395511.0,11407.0,473.0,6741762.0,10909.0,618.0,6586831.999999999,10228.0,644.0,6994470.0,10518.0,665.0,-0.052109704010492086,-0.051601168199868264
2018-7-15,7462304.085714285,11749.457142857143,35,261180643.0,411231.0,22020,"DISCOVERY BAY PLAZA(Block C,DISCOVERY BAY),PLAZA LANE|愉景灣,C座(愉景廣場),廣場徑",7586320.0,11408.0,665.0,16849428.0,13236.0,1273.0,7382830.0,11102.0,665.0,6963408.0,10746.0,648.0,7229578.0,11174.0,647.0,7358225.0,11065.0,665.0,5673634.999999999,11995.0,473.0,6516940.0,13060.0,499.0,5553564.0,11892.0,467.0,7149415.000000001,10751.0,665.0,5599110.0,11913.0,470.0,5568041.0,11923.0,467.0,5599110.0,11913.0,470.0,7358225.0,11065.0,665.0,7152740.0,10756.0,665.0,5632480.0,11984.0,470.0,5720840.0,12172.0,470.0,8169525.0,12285.0,665.0,5891920.0,12536.0,470.0,8665076.0,11678.0,742.0,22130913.0,14843.0,1491.0,7358225.0,11065.0,665.0,6864949.0,10777.0,637.0,8081710.0,10790.0,749.0,7997106.0,12062.0,663.0,5599110.0,11913.0,470.0,7340073.0,11071.0,663.0,5809104.0,12656.0,459.0,5568041.0,11923.0,467.0,5599110.0,11913.0,470.0,8162210.0,12274.0,665.0,5673634.999999999,11995.0,473.0,7090313.999999999,11473.0,618.0,6927508.0,10757.0,644.0,7358225.0,11065.0,665.0,0.016813264541259088,0.017462819139329122
2018-6-15,7338913.0,11547.8,35,256861955.0,404173.0,22020,"DISCOVERY BAY PLAZA(Block C,DISCOVERY BAY),PLAZA LANE|愉景灣,C座(愉景廣場),廣場徑",7379505.0,11097.0,665.0,16392421.0,12877.0,1273.0,7437360.0,11184.0,665.0,7035336.0,10857.0,648.0,7030949.0,10867.0,647.0,7189314.999999999,10811.0,665.0,5475447.999999999,11576.0,473.0,6342290.0,12710.0,499.0,5401322.0,11566.0,467.0,7211260.0,10844.0,665.0,5445890.000000001,11587.0,470.0,5415332.0,11596.0,467.0,5445890.000000001,11587.0,470.0,7189314.999999999,10811.0,665.0,6955235.0,10459.0,665.0,5477850.0,11655.0,470.0,5563860.0,11838.0,470.0,7948745.0,11953.0,665.0,5730710.000000001,12193.0,470.0,8429862.0,11361.0,742.0,21524076.0,14436.0,1491.0,8370355.0,12587.0,665.0,6935019.0,10887.0,637.0,8124403.0,10847.0,749.0,7780305.0,11735.0,663.0,5445890.000000001,11587.0,470.0,7171671.0,10817.0,663.0,5650290.0,12310.0,459.0,5415332.0,11596.0,467.0,5445890.000000001,11587.0,470.0,7941430.0,11942.0,665.0,5475447.999999999,11576.0,473.0,6895644.0,11158.0,618.0,6998992.0,10868.0,644.0,7189314.999999999,10811.0,665.0,0.0274903169995111,0.03231499715213215
2018-5-15,7142561.714285715,11186.314285714287,35,249989660.0,391521.0,22020,"DISCOVERY BAY PLAZA(Block C,DISCOVERY BAY),PLAZA LANE|愉景灣,C座(愉景廣場),廣場徑",7134785.000000001,10729.0,665.0,18399942.0,14454.0,1273.0,7188650.0,10810.0,665.0,6800112.0,10494.0,648.0,6796088.0,10504.0,647.0,6948585.0,10449.0,665.0,5291451.0,11187.0,473.0,6368238.0,12762.0,499.0,5219659.0,11177.0,467.0,6969200.0,10480.0,665.0,5262590.0,11197.0,470.0,5233202.0,11206.0,467.0,5262590.0,11197.0,470.0,6948585.0,10449.0,665.0,6721155.0,10107.0,665.0,5294080.0,11264.0,470.0,5377270.0,11441.0,470.0,7684075.0,11555.0,665.0,5537540.0,11782.0,470.0,8147160.000000001,10980.0,742.0,20796468.0,13948.0,1491.0,7036365.0,10581.0,665.0,6703151.0,10523.0,637.0,7854014.0,10486.0,749.0,7519746.000000001,11342.0,663.0,5262590.0,11197.0,470.0,6931664.999999999,10455.0,663.0,5460264.0,11896.0,459.0,5233202.0,11206.0,467.0,5262590.0,11197.0,470.0,7676759.999999999,11544.0,665.0,5291451.0,11187.0,473.0,6663276.0,10782.0,618.0,6764576.0,10504.0,644.0,6948585.0,10449.0,665.0,0.0224268336534883,0.0223094337257852
2018-4-15,6985890.314285714,10942.2,35,244506161.0,382977.0,22020,"DISCOVERY BAY PLAZA(Block C,DISCOVERY BAY),PLAZA LANE|愉景灣,C座(愉景廣場),廣場徑",6972525.000000001,10485.0,665.0,17969668.0,14116.0,1273.0,7022400.0,10560.0,665.0,6644592.0,10254.0,648.0,6845260.0,10580.0,647.0,6790315.0,10211.0,665.0,5170836.0,10932.0,473.0,6219536.000000001,12464.0,499.0,5100107.0,10921.0,467.0,6807605.0,10237.0,665.0,5142740.0,10942.0,470.0,5114117.0,10951.0,467.0,5142740.0,10942.0,470.0,6790315.0,10211.0,665.0,6564215.0,9871.0,665.0,5172820.0,11006.0,470.0,5314290.0,11307.0,470.0,7507850.0,11290.0,665.0,5408760.0,11508.0,470.0,7959434.0,10727.0,742.0,20311893.0,13623.0,1491.0,6874105.0,10337.0,665.0,6550271.0,10283.0,637.0,7674254.0,10246.0,749.0,7346040.000000001,11080.0,663.0,5142740.0,10942.0,470.0,6773208.0,10216.0,663.0,5333121.0,11619.0,459.0,5114117.0,10951.0,467.0,5142740.0,10942.0,470.0,7499870.0,11278.0,665.0,5170836.0,10932.0,473.0,6511866.0,10537.0,618.0,6610660.0,10265.0,644.0,6790315.0,10211.0,665.0,-0.011974231143074943,-0.011827815492270743
2018-3-15,7070554.771428571,11073.171428571428,35,247469417.0,387561.0,22020,"DISCOVERY BAY PLAZA(Block C,DISCOVERY BAY),PLAZA LANE|愉景灣,C座(愉景廣場),廣場徑",7047670.0,10598.0,665.0,18138977.0,14249.0,1273.0,7095550.0,10670.0,665.0,6715872.0,10364.0,648.0,7164231.0,11073.0,647.0,6862800.0,10320.0,665.0,5226177.0,11049.0,473.0,6097780.0,12220.0,499.0,5154746.0,11038.0,467.0,6878095.000000001,10343.0,665.0,5198200.0,11060.0,470.0,5168756.0,11068.0,467.0,5198200.0,11060.0,470.0,6862800.0,10320.0,665.0,6631379.999999999,9972.0,665.0,5228280.0,11124.0,470.0,5368340.0,11422.0,470.0,7587650.0,11410.0,665.0,5463750.0,11625.0,470.0,8042538.0,10839.0,742.0,20517651.0,13761.0,1491.0,6946590.0,10446.0,665.0,6899347.0,10831.0,637.0,7756644.0,10356.0,749.0,7422948.0,11196.0,663.0,5198200.0,11060.0,470.0,6845475.0,10325.0,663.0,5387742.0,11738.0,459.0,5168756.0,11068.0,467.0,5198200.0,11060.0,470.0,7579005.0,11397.0,665.0,5226177.0,11049.0,473.0,6646590.0,10755.0,618.0,6681500.0,10375.0,644.0,6862800.0,10320.0,665.0,0.026824650790623572,0.023657964522297625
2018-2-15,6885844.4,10817.257142857143,35,241004554.0,378604.0,22020,"DISCOVERY BAY PLAZA(Block C,DISCOVERY BAY),PLAZA LANE|愉景灣,C座(愉景廣場),廣場徑",6773689.999999999,10186.0,665.0,17414640.0,13680.0,1273.0,6817580.0,10252.0,665.0,6635520.0,10240.0,648.0,6883433.0,10639.0,647.0,6776350.0,10190.0,665.0,5243205.0,11085.0,473.0,5858260.0,11740.0,499.0,5146340.0,11020.0,467.0,6608769.999999999,9938.0,665.0,5213710.0,11093.0,470.0,5183700.0,11100.0,467.0,5213710.0,11093.0,470.0,6776350.0,10190.0,665.0,6370700.0,9580.0,665.0,5218410.0,11103.0,470.0,5157310.0,10973.0,470.0,7291725.000000001,10965.0,665.0,5248960.0,11168.0,470.0,7727188.0,10414.0,742.0,19709529.0,13219.0,1491.0,6675269.999999999,10038.0,665.0,6631807.000000001,10411.0,637.0,7454048.0,9952.0,749.0,7132554.0,10758.0,663.0,5213710.0,11093.0,470.0,6759948.000000001,10196.0,663.0,5175684.0,11276.0,459.0,5183700.0,11100.0,467.0,5213710.0,11093.0,470.0,7283080.0,10952.0,665.0,5243205.0,11085.0,473.0,6390120.0,10340.0,618.0,6602288.0,10252.0,644.0,6776350.0,10190.0,665.0,-0.02451747241775093,-0.027240073380163654
2018-1-15,7058911.057142857,11120.171428571428,35,247061887.0,389206.0,22020,"DISCOVERY BAY PLAZA(Block C,DISCOVERY BAY),PLAZA LANE|愉景灣,C座(愉景廣場),廣場徑",7410095.0,11143.0,665.0,15435124.999999998,12125.0,1273.0,7364875.0,11075.0,665.0,7395624.0,11413.0,648.0,6917724.0,10692.0,647.0,7559055.000000001,11367.0,665.0,5244624.0,11088.0,473.0,5849278.0,11722.0,499.0,5138401.0,11003.0,467.0,6597465.0,9921.0,665.0,5205720.0,11076.0,470.0,5175761.0,11083.0,467.0,5205720.0,11076.0,470.0,7559055.000000001,11367.0,665.0,6360725.000000001,9565.0,665.0,5210420.0,11086.0,470.0,5149320.0,10956.0,470.0,7614249.999999999,11450.0,665.0,5240970.0,11151.0,470.0,7716800.0,10400.0,742.0,19678218.0,13198.0,1491.0,7577010.0,11394.0,665.0,7135674.000000001,11202.0,637.0,7444311.0,9939.0,749.0,7452120.000000001,11240.0,663.0,5205720.0,11076.0,470.0,7539636.0,11372.0,663.0,5167881.0,11259.0,459.0,5175761.0,11083.0,467.0,5205720.0,11076.0,470.0,7592970.000000001,11418.0,665.0,5235164.0,11068.0,473.0,6383940.0,10330.0,618.0,7357700.0,11425.0,644.0,7559055.000000001,11367.0,665.0,0.0030546609662773783,0.003224600791328802
2017-12-15,7037414.142857143,11084.42857142857,35,246309495.0,387955.0,22020,"DISCOVERY BAY PLAZA(Block C,DISCOVERY BAY),PLAZA LANE|愉景灣,C座(愉景廣場),廣場徑",7372855.0,11087.0,665.0,15365110.0,12070.0,1273.0,7328300.0,11020.0,665.0,7359336.0,11357.0,648.0,6885374.0,10642.0,647.0,7522480.0,11312.0,665.0,5220974.0,11038.0,473.0,5822332.0,11668.0,499.0,5114584.0,10952.0,467.0,6761055.0,10167.0,665.0,5181750.0,11025.0,470.0,5151477.0,11031.0,467.0,5181750.0,11025.0,470.0,7522480.0,11312.0,665.0,6331465.000000001,9521.0,665.0,5185980.0,11034.0,470.0,5125350.0,10905.0,470.0,7578340.0,11396.0,665.0,5216530.0,11099.0,470.0,7705670.0,10385.0,742.0,19585776.0,13136.0,1491.0,7537110.0,11334.0,665.0,7098728.0,11144.0,637.0,7609091.0,10159.0,749.0,7414992.000000001,11184.0,663.0,5181750.0,11025.0,470.0,7503170.999999999,11317.0,663.0,5144013.0,11207.0,459.0,5151477.0,11031.0,467.0,5181750.0,11025.0,470.0,7556394.999999999,11363.0,665.0,5210568.0,11016.0,473.0,6357366.0,10287.0,618.0,7321636.0,11369.0,644.0,7522480.0,11312.0,665.0,0.0027639677437556465,0.00406070613324494
2017-11-15,7018016.571428572,11039.6,35,245630580.0,386386.0,22020,"DISCOVERY BAY PLAZA(Block C,DISCOVERY BAY),PLAZA LANE|愉景灣,C座(愉景廣場),廣場徑",7424725.0,11165.0,665.0,15815751.999999998,12424.0,1273.0,7279754.999999999,10947.0,665.0,7310736.000000001,11282.0,648.0,6841378.0,10574.0,647.0,7472605.000000001,11237.0,665.0,5188337.0,10969.0,473.0,5785406.0,11594.0,499.0,5081894.0,10882.0,467.0,6715835.000000001,10099.0,665.0,5148850.0,10955.0,470.0,5118787.0,10961.0,467.0,5148850.0,10955.0,470.0,7472605.000000001,11237.0,665.0,6291565.0,9461.0,665.0,5153080.0,10964.0,470.0,5092920.0,10836.0,470.0,7529130.0,11322.0,665.0,5183630.0,11029.0,470.0,7656698.000000001,10319.0,742.0,19462023.0,13053.0,1491.0,7551075.0,11355.0,665.0,7049679.0,11067.0,637.0,7791098.0,10402.0,749.0,7365267.0,11109.0,663.0,5148850.0,10955.0,470.0,7454109.000000001,11243.0,663.0,5111424.0,11136.0,459.0,5118787.0,10961.0,467.0,5148850.0,10955.0,470.0,7507185.0,11289.0,665.0,5177458.0,10946.0,473.0,6286296.0,10172.0,618.0,7273336.0,11294.0,644.0,7472605.000000001,11237.0,665.0,0.04105633278013765,0.04111250026944879
2017-10-15,6741245.742857143,10603.657142857142,35,235943601.0,371128.0,22020,"DISCOVERY BAY PLAZA(Block C,DISCOVERY BAY),PLAZA LANE|愉景灣,C座(愉景廣場),廣場徑",7130795.0,10723.0,665.0,15191982.0,11934.0,1273.0,6886075.0,10355.0,665.0,7021080.0,10835.0,648.0,6761150.0,10450.0,647.0,7176680.000000001,10792.0,665.0,4984474.0,10538.0,473.0,5559858.0,11142.0,499.0,4881551.0,10453.0,467.0,6446510.0,9694.0,665.0,4946280.0,10524.0,470.0,4917510.0,10530.0,467.0,4946280.0,10524.0,470.0,7176680.000000001,10792.0,665.0,6043520.0,9088.0,665.0,4950510.0,10533.0,470.0,4891760.0,10408.0,470.0,7146754.999999999,10747.0,665.0,4979650.0,10595.0,470.0,7532783.999999999,10152.0,742.0,18694158.0,12538.0,1491.0,7251160.0,10904.0,665.0,6683404.0,10492.0,637.0,7484757.0,9993.0,749.0,6988683.000000001,10541.0,663.0,4946280.0,10524.0,470.0,7158411.0,10797.0,663.0,4910841.0,10699.0,459.0,4917510.0,10530.0,467.0,4946280.0,10524.0,470.0,7210595.0,10843.0,665.0,4974068.0,10516.0,473.0,6043422.0,9779.0,618.0,6985468.0,10847.0,644.0,7176680.000000001,10792.0,665.0,-0.014206667828732478,-0.014231604893674699
2017-9-15,6838396.571428572,10756.742857142857,35,239343880.0,376486.0,22020,"DISCOVERY BAY PLAZA(Block C,DISCOVERY BAY),PLAZA LANE|愉景灣,C座(愉景廣場),廣場徑",7238525.0,10885.0,665.0,15424941.0,12117.0,1273.0,6991145.0,10513.0,665.0,7126056.0,10997.0,648.0,6864023.0,10609.0,647.0,7283745.0,10953.0,665.0,5060627.0,10699.0,473.0,5646185.0,11315.0,499.0,4955804.0,10612.0,467.0,6542270.0,9838.0,665.0,5021010.0,10683.0,470.0,4992230.0,10690.0,467.0,5021010.0,10683.0,470.0,7283745.0,10953.0,665.0,6135290.0,9226.0,665.0,5025710.0,10693.0,470.0,4965550.0,10565.0,470.0,7257810.0,10914.0,665.0,5055790.0,10757.0,470.0,7647794.0,10307.0,742.0,18980430.0,12730.0,1491.0,7358890.0,11066.0,665.0,6785324.0,10652.0,637.0,7599354.000000001,10146.0,749.0,7096089.0,10703.0,663.0,5021010.0,10683.0,470.0,7265817.0,10959.0,663.0,4985658.0,10862.0,459.0,4992230.0,10690.0,467.0,5021010.0,10683.0,470.0,7136780.0,10732.0,665.0,5049275.0,10675.0,473.0,6139212.000000001,9934.0,618.0,7089795.999999999,11009.0,644.0,7283745.0,10953.0,665.0,0.014164170068345472,0.014606565947836714
2017-8-15,6742889.142857143,10601.885714285714,35,236001120.0,371066.0,22020,"DISCOVERY BAY PLAZA(Block C,DISCOVERY BAY),PLAZA LANE|愉景灣,C座(愉景廣場),廣場徑",6939275.0,10435.0,665.0,15472042.0,12154.0,1273.0,6896715.0,10371.0,665.0,7027560.000000001,10845.0,648.0,6770208.0,10464.0,647.0,7183330.0,10802.0,665.0,4992042.0,10554.0,473.0,5654169.0,11331.0,499.0,4888089.0,10467.0,467.0,6451164.999999999,9701.0,665.0,4952860.0,10538.0,470.0,4924048.0,10544.0,467.0,4952860.0,10538.0,470.0,7183330.0,10802.0,665.0,6051500.0,9100.0,665.0,4957090.0,10547.0,470.0,4897870.0,10421.0,470.0,7160720.0,10768.0,665.0,4987170.0,10611.0,470.0,7546140.0,10170.0,742.0,18738888.0,12568.0,1491.0,7256480.0,10912.0,665.0,6698055.0,10515.0,637.0,7498239.0,10011.0,749.0,7000617.000000001,10559.0,663.0,4952860.0,10538.0,470.0,7165041.0,10807.0,663.0,4918644.0,10716.0,459.0,4924048.0,10544.0,467.0,4952860.0,10538.0,470.0,7041684.999999999,10589.0,665.0,4980690.0,10530.0,473.0,6060108.0,9806.0,618.0,6741392.0,10468.0,644.0,7183330.0,10802.0,665.0,-0.041174532871387504,-0.0414554885640922
2017-7-15,7032446.857142857,11060.4,35,246135640.0,387114.0,22020,"DISCOVERY BAY PLAZA(Block C,DISCOVERY BAY),PLAZA LANE|愉景灣,C座(愉景廣場),廣場徑",7435365.0,11181.0,665.0,16123818.0,12666.0,1273.0,7183995.0,10803.0,665.0,7058663.999999999,10893.0,648.0,7052300.0,10900.0,647.0,7481250.0,11250.0,665.0,5199689.0,10993.0,473.0,5905665.0,11835.0,499.0,5090300.0,10900.0,467.0,6715170.000000001,10098.0,665.0,5413930.0,11519.0,470.0,5128594.0,10982.0,467.0,5158250.0,10975.0,470.0,7481250.0,11250.0,665.0,6302870.0,9478.0,665.0,5162480.0,10984.0,470.0,5100440.0,10852.0,470.0,7461965.0,11221.0,665.0,5193970.0,11051.0,470.0,7862232.0,10596.0,742.0,19532100.0,13100.0,1491.0,7557060.0,11364.0,665.0,6976424.0,10952.0,637.0,7812819.0,10431.0,749.0,7371234.0,11118.0,663.0,5158250.0,10975.0,470.0,7462064.999999999,11255.0,663.0,5122899.0,11161.0,459.0,5128594.0,10982.0,467.0,5158250.0,10975.0,470.0,7336945.0,11033.0,665.0,5187391.0,10967.0,473.0,6315342.0,10219.0,618.0,7022820.000000001,10905.0,644.0,7481250.0,11250.0,665.0,0.06685378621256688,0.06694411906566522
2017-6-15,6591762.571428572,10366.42857142857,35,230711690.0,362825.0,22020,"DISCOVERY BAY PLAZA(Block C,DISCOVERY BAY),PLAZA LANE|愉景灣,C座(愉景廣場),廣場徑",6818910.0,10254.0,665.0,15121967.000000002,11879.0,1273.0,6821569.999999999,10258.0,665.0,6699024.0,10338.0,648.0,6612340.000000001,10220.0,647.0,6846840.0,10296.0,665.0,4873792.0,10304.0,473.0,5535407.0,11093.0,499.0,4770872.0,10216.0,467.0,6424564.999999999,9661.0,665.0,5076470.0,10801.0,470.0,4806831.0,10293.0,467.0,4834890.0,10287.0,470.0,6846840.0,10296.0,665.0,5907195.0,8883.0,665.0,4838650.0,10295.0,470.0,4779900.0,10170.0,470.0,7101535.0,10679.0,665.0,4868260.0,10358.0,470.0,7490489.999999999,10095.0,742.0,18321408.0,12288.0,1491.0,7158060.000000001,10764.0,665.0,6540079.0,10267.0,637.0,7326718.0,9782.0,749.0,6911112.0,10424.0,663.0,4834890.0,10287.0,470.0,6829563.0,10301.0,663.0,4802058.0,10462.0,459.0,4806831.0,10293.0,467.0,4834890.0,10287.0,470.0,6974520.0,10488.0,665.0,4861967.0,10279.0,473.0,5922294.0,9583.0,618.0,6664112.0,10348.0,644.0,6846840.0,10296.0,665.0,0.029000593293373678,0.031250888213057326
2017-5-15,6405985.2,10052.285714285714,35,224209482.0,351830.0,22020,"DISCOVERY BAY PLAZA(Block C,DISCOVERY BAY),PLAZA LANE|愉景灣,C座(愉景廣場),廣場徑",6600125.0,9925.0,665.0,15590430.999999998,12247.0,1273.0,6600790.0,9926.0,665.0,6482591.999999999,10004.0,648.0,6399477.0,9891.0,647.0,6626059.999999999,9964.0,665.0,4715810.0,9970.0,473.0,5354769.0,10731.0,499.0,4615361.0,9883.0,467.0,6215090.0,9346.0,665.0,4913380.0,10454.0,470.0,4650386.0,9958.0,467.0,4677440.0,9952.0,470.0,6626059.999999999,9964.0,665.0,5715010.0,8594.0,665.0,4681200.0,9960.0,470.0,4624330.0,9839.0,470.0,6873440.0,10336.0,665.0,4709870.0,10021.0,470.0,7249340.000000001,9770.0,742.0,17738427.0,11897.0,1491.0,6924645.0,10413.0,665.0,6328595.0,9935.0,637.0,7091532.000000001,9468.0,749.0,6683040.0,10080.0,663.0,4677440.0,9952.0,470.0,6609447.0,9969.0,663.0,4645998.0,10122.0,459.0,4650386.0,9958.0,467.0,4677440.0,9952.0,470.0,6750414.999999999,10151.0,665.0,4703512.0,9944.0,473.0,5732568.0,9276.0,618.0,6449016.000000001,10014.0,644.0,6626059.999999999,9964.0,665.0,-0.03368496403779231,-0.03357478169387429
2017-4-15,6629292.685714286,10401.514285714286,35,232025244.0,364053.0,22020,"DISCOVERY BAY PLAZA(Block C,DISCOVERY BAY),PLAZA LANE|愉景灣,C座(愉景廣場),廣場徑",6822235.0,10259.0,665.0,16114907.0,12659.0,1273.0,6821570.0,10258.0,665.0,6699672.000000001,10339.0,648.0,6614281.0,10223.0,647.0,6847505.000000001,10297.0,665.0,4872373.0,10301.0,473.0,5532413.0,11087.0,499.0,4768070.0,10210.0,467.0,6420575.000000001,9655.0,665.0,5078350.0,10805.0,470.0,4804496.0,10288.0,467.0,4832540.0,10282.0,470.0,6847505.000000001,10297.0,665.0,5904535.0,8879.0,665.0,4836770.0,10291.0,470.0,4777080.0,10164.0,470.0,7285075.0,10955.0,665.0,4866380.0,10354.0,470.0,7493458.0,10099.0,742.0,18342282.0,12302.0,1491.0,7154070.0,10758.0,665.0,6540079.0,10267.0,637.0,7330463.0,9787.0,749.0,7041723.0,10621.0,663.0,4832540.0,10282.0,470.0,6830226.000000001,10302.0,663.0,4800681.0,10459.0,459.0,4804496.0,10288.0,467.0,4832540.0,10282.0,470.0,6977845.000000001,10493.0,665.0,4859602.0,10274.0,473.0,5926002.0,9589.0,618.0,6665400.0,10350.0,644.0,6847505.000000001,10297.0,665.0,0.04226322744405264,0.04190182363513539
2017-3-15,6360478.342857143,9983.2,35,222616742.0,349412.0,22020,"DISCOVERY BAY PLAZA(Block C,DISCOVERY BAY),PLAZA LANE|愉景灣,C座(愉景廣場),廣場徑",6562885.0,9869.0,665.0,15424941.0,12117.0,1273.0,6561555.0,9867.0,665.0,6411312.0,9894.0,648.0,6329601.0,9783.0,647.0,6552909.999999999,9854.0,665.0,4738041.0,10017.0,473.0,5294390.0,10610.0,499.0,4563057.0,9771.0,467.0,6144600.0,9240.0,665.0,4874840.0,10372.0,470.0,4598082.0,9846.0,467.0,4637960.0,9868.0,470.0,6552909.999999999,9854.0,665.0,5650505.0,8497.0,665.0,4640310.0,9873.0,470.0,4640780.0,9874.0,470.0,6971194.999999999,10483.0,665.0,4668980.0,9934.0,470.0,7171430.000000001,9665.0,742.0,17568453.0,11783.0,1491.0,6877430.0,10342.0,665.0,6257888.0,9824.0,637.0,7125986.0,9514.0,749.0,6737405.999999999,10162.0,663.0,4637960.0,9868.0,470.0,6536517.0,9859.0,663.0,4661604.0,10156.0,459.0,4598082.0,9846.0,467.0,4637960.0,9868.0,470.0,6717830.000000001,10102.0,665.0,4663780.0,9860.0,473.0,5674476.0,9182.0,618.0,6378176.0,9904.0,644.0,6552909.999999999,9854.0,665.0,0.020821261669354163,0.02095307108148936
2017-2-15,6230746.342857143,9778.314285714287,35,218076122.0,342241.0,22020,"DISCOVERY BAY PLAZA(Block C,DISCOVERY BAY),PLAZA LANE|愉景灣,C座(愉景廣場),廣場徑",6401955.0,9627.0,665.0,15050679.0,11823.0,1273.0,6399295.0,9623.0,665.0,6254496.0,9652.0,648.0,5956282.0,9206.0,647.0,6605445.0,9933.0,665.0,4623102.0,9774.0,473.0,5165648.0,10352.0,499.0,4462652.0,9556.0,467.0,5994310.0,9014.0,665.0,4756870.0,10121.0,470.0,4498611.0,9633.0,467.0,4524690.0,9627.0,470.0,6605445.0,9933.0,665.0,5643190.0,8486.0,665.0,4527040.0,9632.0,470.0,4527510.0,9633.0,470.0,6800955.0,10227.0,665.0,4555240.0,9692.0,470.0,6996318.0,9429.0,742.0,17152464.0,11504.0,1491.0,6705860.0,10084.0,665.0,6104371.0,9583.0,637.0,6952217.999999999,9282.0,749.0,6570993.0,9911.0,663.0,4524690.0,9627.0,470.0,6588231.0,9937.0,663.0,4548231.0,9909.0,459.0,4498611.0,9633.0,467.0,4524690.0,9627.0,470.0,6551580.0,9852.0,665.0,4549787.0,9619.0,473.0,5626890.0,9105.0,618.0,6222328.0,9662.0,644.0,6605445.0,9933.0,665.0,-0.006322399828392444,-0.006222704887567265
2017-1-15,6270390.257142857,9839.542857142857,35,219463659.0,344384.0,22020,"DISCOVERY BAY PLAZA(Block C,DISCOVERY BAY),PLAZA LANE|愉景灣,C座(愉景廣場),廣場徑",6425895.0,9663.0,665.0,15110510.0,11870.0,1273.0,6420575.0,9655.0,665.0,6486480.0,10010.0,648.0,5979574.0,9242.0,647.0,6629385.0,9969.0,665.0,4641076.0,9812.0,473.0,5188103.0,10397.0,499.0,4479464.0,9592.0,467.0,6004950.0,9030.0,665.0,4776610.0,10163.0,470.0,4515423.0,9669.0,467.0,4541610.0,9663.0,470.0,6629385.0,9969.0,665.0,5665135.0,8519.0,665.0,4537850.0,9655.0,470.0,4544430.0,9669.0,470.0,6826225.0,10265.0,665.0,4572630.0,9729.0,470.0,7074970.0,9535.0,742.0,17231487.0,11557.0,1491.0,6727140.0,10116.0,665.0,6226675.0,9775.0,637.0,6979182.0,9318.0,749.0,6594861.0,9947.0,663.0,4541610.0,9663.0,470.0,6612099.0,9973.0,663.0,4566132.0,9948.0,459.0,4515423.0,9669.0,467.0,4541610.0,9663.0,470.0,6573525.0,9885.0,665.0,4567288.0,9656.0,473.0,5654082.0,9149.0,618.0,6452880.0,10020.0,644.0,6629385.0,9969.0,665.0,0.013714029739626987,0.013564859097932258
2016-12-15,6185561.285714285,9707.857142857143,35,216494645.0,339775.0,22020,"DISCOVERY BAY PLAZA(Block C,DISCOVERY BAY),PLAZA LANE|愉景灣,C座(愉景廣場),廣場徑",6360060.0,9564.0,665.0,14909376.0,11712.0,1273.0,6352745.0,9553.0,665.0,6420384.0,9908.0,648.0,5918756.0,9148.0,647.0,6560890.0,9866.0,665.0,4594249.0,9713.0,473.0,5137205.0,10295.0,499.0,4416419.0,9457.0,467.0,5943105.0,8937.0,665.0,4729610.0,10063.0,470.0,4469190.0,9570.0,467.0,4495080.0,9564.0,470.0,6560890.0,9866.0,665.0,5607945.0,8433.0,665.0,4491320.0,9556.0,470.0,4497900.0,9570.0,470.0,6755734.999999999,10159.0,665.0,4526100.0,9630.0,470.0,7077938.0,9539.0,742.0,17068968.0,11448.0,1491.0,5909190.0,8886.0,665.0,6161064.0,9672.0,637.0,6908026.999999999,9223.0,749.0,6525246.0,9842.0,663.0,4495080.0,9564.0,470.0,6544473.0,9871.0,663.0,4520232.0,9848.0,459.0,4469190.0,9570.0,467.0,4495080.0,9564.0,470.0,6504365.0,9781.0,665.0,4520461.0,9557.0,473.0,5600934.0,9063.0,618.0,6386548.0,9917.0,644.0,6560890.0,9866.0,665.0,0.028564019605228586,0.024603758564122336
2016-11-15,6013783.457142857,9474.742857142857,35,210482421.0,331616.0,22020,"DISCOVERY BAY PLAZA(Block C,DISCOVERY BAY),PLAZA LANE|愉景灣,C座(愉景廣場),廣場徑",6049505.0,9097.0,665.0,13720393.999999998,10778.0,1273.0,6034210.0,9074.0,665.0,5992056.0,9247.0,648.0,5915521.0,9143.0,647.0,6012265.0,9041.0,665.0,4592357.0,9709.0,473.0,5136706.0,10294.0,499.0,4413617.0,9451.0,467.0,5938450.0,8930.0,665.0,4728670.0,10061.0,470.0,4466388.0,9564.0,467.0,4492730.0,9559.0,470.0,6012265.0,9041.0,665.0,5605285.0,8429.0,665.0,4488500.0,9550.0,470.0,4495550.0,9565.0,470.0,6660640.0,10016.0,665.0,4525160.0,9628.0,470.0,6761104.0,9112.0,742.0,17073441.0,11451.0,1491.0,5903870.0,8878.0,665.0,6059781.0,9513.0,637.0,6582961.0,8789.0,749.0,6157281.0,9287.0,663.0,4492730.0,9559.0,470.0,5998161.0,9047.0,663.0,4517937.0,9843.0,459.0,4466388.0,9564.0,467.0,4492730.0,9559.0,470.0,6705860.0,10084.0,665.0,4517623.0,9551.0,473.0,5601552.0,9064.0,618.0,5858468.0,9097.0,644.0,6012265.0,9041.0,665.0,0.019466609173957483,0.023484060529556317
2016-10-15,5898950.885714286,9257.342857142858,35,206463281.0,324007.0,22020,"DISCOVERY BAY PLAZA(Block C,DISCOVERY BAY),PLAZA LANE|愉景灣,C座(愉景廣場),廣場徑",6213760.0,9344.0,665.0,14174855.0,11135.0,1273.0,6204450.0,9330.0,665.0,6032880.0,9310.0,648.0,5631488.0,8704.0,647.0,6243685.0,9389.0,665.0,4373358.0,9246.0,473.0,4955070.0,9930.0,499.0,4203000.0,9000.0,467.0,5655825.0,8505.0,665.0,4502600.0,9580.0,470.0,4252969.0,9107.0,467.0,4277940.0,9102.0,470.0,6243685.0,9389.0,665.0,5335960.0,8024.0,665.0,4273710.0,9093.0,470.0,4276060.0,9098.0,470.0,6339445.0,9533.0,665.0,4309430.0,9169.0,470.0,6752942.0,9101.0,742.0,16263828.0,10908.0,1491.0,5620580.0,8452.0,665.0,5768672.0,9056.0,637.0,6645128.0,8872.0,749.0,6230874.0,9398.0,663.0,4277940.0,9102.0,470.0,6228222.0,9394.0,663.0,4303125.0,9375.0,459.0,4252969.0,9107.0,467.0,4277940.0,9102.0,470.0,6382005.0,9597.0,665.0,4301935.0,9095.0,473.0,5335194.0,8633.0,618.0,6078072.0,9438.0,644.0,6243685.0,9389.0,665.0,0.017411163580700828,0.016180123444399896
2016-9-15,5798000.942857143,9109.942857142858,35,202930033.0,318848.0,22020,"DISCOVERY BAY PLAZA(Block C,DISCOVERY BAY),PLAZA LANE|愉景灣,C座(愉景廣場),廣場徑",6081425.0,9145.0,665.0,13865516.0,10892.0,1273.0,6069455.0,9127.0,665.0,5904576.0,9112.0,648.0,5510499.0,8517.0,647.0,6110685.0,9189.0,665.0,4283015.0,9055.0,473.0,4848783.0,9717.0,499.0,4116605.0,8815.0,467.0,5537455.0,8327.0,665.0,4552890.0,9687.0,470.0,4246898.0,9094.0,467.0,4270890.0,9087.0,470.0,6110685.0,9189.0,665.0,5221580.0,7852.0,665.0,4189109.9999999995,8913.0,470.0,4185819.9999999995,8906.0,470.0,6203120.0,9328.0,665.0,4220130.0,8979.0,470.0,6502888.0,8764.0,742.0,15926862.000000002,10682.0,1491.0,5500880.0,8272.0,665.0,5794152.0,9096.0,637.0,6505814.0,8686.0,749.0,6096285.0,9195.0,663.0,4270890.0,9087.0,470.0,6094959.0,9193.0,663.0,4213620.0,9180.0,459.0,4246898.0,9094.0,467.0,4270890.0,9087.0,470.0,6244350.0,9390.0,665.0,4294840.0,9080.0,473.0,5223954.0,8453.0,618.0,5947984.0,9236.0,644.0,6265630.0,9422.0,665.0,-0.020963700014603792,-0.02501613006797543
2016-8-15,5922151.142857143,9343.685714285713,35,207275290.0,327029.0,22020,"DISCOVERY BAY PLAZA(Block C,DISCOVERY BAY),PLAZA LANE|愉景灣,C座(愉景廣場),廣場徑",6135290.0,9226.0,665.0,13980086.0,10982.0,1273.0,6119330.0,9202.0,665.0,6005664.0,9268.0,648.0,5557730.0,8590.0,647.0,6164550.0,9270.0,665.0,4543165.0,9605.0,473.0,4889701.0,9799.0,499.0,4153965.0000000005,8895.0,467.0,5525485.0,8309.0,665.0,4591900.0,9770.0,470.0,4514956.0,9668.0,467.0,4540670.0,9661.0,470.0,6164550.0,9270.0,665.0,5266800.0,7920.0,665.0,4433980.0,9434.0,470.0,4486150.0,9545.0,470.0,6256985.0,9409.0,665.0,4520460.0,9618.0,470.0,6676516.0,8998.0,742.0,16074471.0,10781.0,1491.0,5546100.0,8340.0,665.0,5843201.0,9173.0,637.0,6564236.0,8764.0,749.0,6149325.0,9275.0,663.0,4540670.0,9661.0,470.0,6148662.0,9274.0,663.0,4366926.0,9514.0,459.0,4514956.0,9668.0,467.0,4540670.0,9661.0,470.0,6298215.0,9471.0,665.0,4566815.0,9655.0,473.0,5272158.0,8531.0,618.0,6000792.0,9318.0,644.0,6320160.0,9504.0,665.0,0.04719686820395008,0.047206576002202905
2016-7-15,5655241.457142857,8922.485714285714,35,197933451.0,312287.0,22020,"DISCOVERY BAY PLAZA(Block C,DISCOVERY BAY),PLAZA LANE|愉景灣,C座(愉景廣場),廣場徑",5859315.0,8811.0,665.0,13342313.0,10481.0,1273.0,5840695.0,8783.0,665.0,5733504.0,8848.0,648.0,5307341.0,8203.0,647.0,5887245.0,8853.0,665.0,4337883.0,9171.0,473.0,4669143.0,9357.0,499.0,3969033.0000000005,8499.0,467.0,5274780.0,7932.0,665.0,4384630.0,9329.0,470.0,4311344.0,9232.0,467.0,4335750.0,9225.0,470.0,5887245.0,8853.0,665.0,5029395.0,7563.0,665.0,4235640.0,9012.0,470.0,4284050.0,9115.0,470.0,5974360.0,8984.0,665.0,4316950.0,9185.0,470.0,6373780.0,8590.0,742.0,15361773.0,10303.0,1491.0,5294065.0,7961.0,665.0,5578209.0,8757.0,637.0,6269130.0,8370.0,749.0,5871528.0,8856.0,663.0,4335750.0,9225.0,470.0,5872191.0,8857.0,663.0,4170015.0,9085.0,459.0,4311344.0,9232.0,467.0,4335750.0,9225.0,470.0,6014260.0,9044.0,665.0,4360587.0,9219.0,473.0,5037936.0,8152.0,618.0,5730312.0,8898.0,644.0,6036205.0,9077.0,665.0,0.028764236140357946,0.02818658922844941
2016-6-15,5497120.971428571,8677.885714285714,35,192399234.0,303726.0,22020,"DISCOVERY BAY PLAZA(Block C,DISCOVERY BAY),PLAZA LANE|愉景灣,C座(愉景廣場),廣場徑",5697720.0,8568.0,665.0,12964232.0,10184.0,1273.0,5676440.0,8536.0,665.0,5573448.0,8601.0,648.0,5161119.0,7977.0,647.0,5724320.0,8608.0,665.0,4218214.0,8918.0,473.0,4539403.0,9097.0,499.0,3952221.0000000005,8463.0,467.0,5024740.0,7556.0,665.0,4264310.0,9073.0,470.0,4192725.9999999995,8978.0,467.0,4216370.0,8971.0,470.0,5724320.0,8608.0,665.0,4891075.0,7355.0,665.0,4120019.9999999995,8766.0,470.0,4166079.9999999995,8864.0,470.0,5808775.0,8735.0,665.0,4198040.0,8932.0,470.0,6194958.0,8349.0,742.0,14948766.0,10026.0,1491.0,5042030.0,7582.0,665.0,5422144.0,8512.0,637.0,6095362.0,8138.0,749.0,5708430.0,8610.0,663.0,4216370.0,8971.0,470.0,5709756.0,8612.0,663.0,4210407.0,9173.0,459.0,4192725.9999999995,8978.0,467.0,4216370.0,8971.0,470.0,5743605.0,8637.0,665.0,4240918.0,8966.0,473.0,4901976.0,7932.0,618.0,5571888.0,8652.0,644.0,5869955.0,8827.0,665.0,-0.028623823374269608,-0.029210681923513393
2016-5-15,5659106.228571429,8939.0,35,198068718.0,312865.0,22020,"DISCOVERY BAY PLAZA(Block C,DISCOVERY BAY),PLAZA LANE|愉景灣,C座(愉景廣場),廣場徑",5883920.0,8848.0,665.0,13379230.0,10510.0,1273.0,5858650.0,8810.0,665.0,5753592.0,8879.0,648.0,5329986.0,8238.0,647.0,5911185.0,8889.0,665.0,4432010.0,9370.0,473.0,4686109.0,9391.0,499.0,4083915.0000000005,8745.0,467.0,5187000.0,7800.0,665.0,4481450.0,9535.0,470.0,4329557.0,9271.0,467.0,4354080.0,9264.0,470.0,5911185.0,8889.0,665.0,5051340.0,7596.0,665.0,4328700.0,9210.0,470.0,4230000.0,9000.0,470.0,5997635.0,9019.0,665.0,4425990.0,9417.0,470.0,6395298.0,8619.0,742.0,15449741.999999998,10362.0,1491.0,5204955.0,7827.0,665.0,5596682.0,8786.0,637.0,6294596.0,8404.0,749.0,5894070.0,8890.0,663.0,4354080.0,9264.0,470.0,5896059.0,8893.0,663.0,4347189.0,9471.0,459.0,4329557.0,9271.0,467.0,4354080.0,9264.0,470.0,5199635.0,7819.0,665.0,4379507.0,9259.0,473.0,5065746.0,8197.0,618.0,5629848.0,8742.0,644.0,6062140.0,9116.0,665.0,-0.00949057395934505,-0.010036799488667425
2016-4-15,5713329.0,9029.628571428571,35,199966515.0,316037.0,22020,"DISCOVERY BAY PLAZA(Block C,DISCOVERY BAY),PLAZA LANE|愉景灣,C座(愉景廣場),廣場徑",5844020.0,8788.0,665.0,13376684.0,10508.0,1273.0,5820080.0,8752.0,665.0,5832648.0,9001.0,648.0,5405038.0,8354.0,647.0,5898550.0,8870.0,665.0,4493027.0,9499.0,473.0,4774432.0,9568.0,499.0,4143224.0000000005,8872.0,467.0,5258155.0,7907.0,665.0,4543960.0,9668.0,470.0,4390734.0,9402.0,467.0,4415180.0,9394.0,470.0,5898550.0,8870.0,665.0,5122495.0,7703.0,665.0,4389330.0,9339.0,470.0,4290160.0,9128.0,470.0,6080760.0,9144.0,665.0,4435390.0,9437.0,470.0,6482112.0,8736.0,742.0,15676373.999999998,10514.0,1491.0,5275445.0,7933.0,665.0,5669300.0,8900.0,637.0,6382978.0,8522.0,749.0,5975619.0,9013.0,663.0,4415180.0,9394.0,470.0,5883462.0,8874.0,663.0,4407318.0,9602.0,459.0,4390734.0,9402.0,467.0,4415180.0,9394.0,470.0,5270125.0,7925.0,665.0,4440997.0,9389.0,473.0,5139906.0,8317.0,618.0,5707128.0,8862.0,644.0,6022240.0,9056.0,665.0,-0.004400961013530158,-0.0031825034852986933
2016-3-15,5738584.285714285,9058.457142857143,35,200850450.0,317046.0,22020,"DISCOVERY BAY PLAZA(Block C,DISCOVERY BAY),PLAZA LANE|愉景灣,C座(愉景廣場),廣場徑",5846680.0,8792.0,665.0,13376684.0,10508.0,1273.0,5820080.0,8752.0,665.0,5834592.0,9004.0,648.0,5408920.0,8360.0,647.0,5899215.0,8871.0,665.0,4494919.0,9503.0,473.0,4775929.0,9571.0,499.0,4137619.9999999995,8860.0,467.0,5260150.0,7910.0,665.0,4547250.0,9675.0,470.0,4393536.0,9408.0,467.0,4418000.0,9400.0,470.0,5899215.0,8871.0,665.0,5125820.0,7708.0,665.0,4392620.0,9346.0,470.0,4293450.0,9135.0,470.0,6084085.0,9149.0,665.0,4439150.0,9445.0,470.0,6483596.0,8738.0,742.0,16131128.999999998,10819.0,1491.0,5416425.0,8145.0,665.0,5669937.0,8901.0,637.0,6386723.0,8527.0,749.0,5978271.0,9017.0,663.0,4418000.0,9400.0,470.0,5884788.0,8876.0,663.0,4410072.0,9608.0,459.0,4393536.0,9408.0,467.0,4418000.0,9400.0,470.0,5411105.0,8137.0,665.0,4506744.0,9528.0,473.0,5146704.0,8328.0,618.0,5721940.0,8885.0,644.0,6025565.0,9061.0,665.0,-0.023850346878145245,-0.027105152525937593
2016-2-15,5878795.6,9310.828571428572,35,205757846.0,325879.0,22020,"DISCOVERY BAY PLAZA(Block C,DISCOVERY BAY),PLAZA LANE|愉景灣,C座(愉景廣場),廣場徑",5715675.0,8595.0,665.0,13249384.0,10408.0,1273.0,5709025.0,8585.0,665.0,5798304.0,8948.0,648.0,5681307.0,8781.0,647.0,5720995.0,8603.0,665.0,4640603.0,9811.0,473.0,5014950.0,10050.0,499.0,4405678.0,9434.0,467.0,5523490.0,8306.0,665.0,4696240.0,9992.0,470.0,4679340.0,10020.0,467.0,4706110.0,10013.0,470.0,5720995.0,8603.0,665.0,5384505.0,8097.0,665.0,4535030.0,9649.0,470.0,4531270.0,9641.0,470.0,6389320.0,9608.0,665.0,4663340.0,9922.0,470.0,6473208.0,8724.0,742.0,16943724.0,11364.0,1491.0,5686415.0,8551.0,665.0,5647005.0,8865.0,637.0,6212955.0,8295.0,749.0,5965674.0,8998.0,663.0,4706110.0,10013.0,470.0,5707767.0,8609.0,663.0,4538133.0,9887.0,459.0,4679340.0,10020.0,467.0,4706110.0,10013.0,470.0,5680430.0,8542.0,665.0,4732838.0,10006.0,473.0,5409972.0,8754.0,618.0,5574464.0,8656.0,644.0,6328140.0,9516.0,665.0,0.08424562910222444,0.0839905664456857
2016-1-15,5422014.571428572,8589.4,35,189770510.0,300629.0,22020,"DISCOVERY BAY PLAZA(Block C,DISCOVERY BAY),PLAZA LANE|愉景灣,C座(愉景廣場),廣場徑",5227565.0,7861.0,665.0,12185156.0,9572.0,1273.0,5226235.0,7859.0,665.0,5364144.0,8278.0,648.0,5256228.0,8124.0,647.0,5258820.0,7908.0,665.0,4292948.0,9076.0,473.0,4638704.0,9296.0,499.0,4076910.0,8730.0,467.0,5055995.0,7603.0,665.0,4304730.0,9159.0,470.0,4328623.0,9269.0,467.0,4353140.0,9262.0,470.0,5258820.0,7908.0,665.0,4988165.0,7501.0,665.0,4196160.0,8928.0,470.0,4192400.0,8920.0,470.0,5847345.0,8793.0,665.0,4314600.0,9180.0,470.0,5988682.0,8071.0,742.0,15674883.0,10513.0,1491.0,5230890.0,7866.0,665.0,5224037.0,8201.0,637.0,5747826.0,7674.0,749.0,5517486.0,8322.0,663.0,4353140.0,9262.0,470.0,5246319.0,7913.0,663.0,4198473.0,9147.0,459.0,4328623.0,9269.0,467.0,4353140.0,9262.0,470.0,5225570.0,7858.0,665.0,4378088.0,9256.0,473.0,5008272.0,8104.0,618.0,5104988.0,7927.0,644.0,5823405.0,8757.0,665.0,,
